spec_id,cell_name_label,slice,Block,Donor,structure,lobe,condition,condition2,morpho_call,topLeaf,upstroke_downstroke_ratio_ramp,threshold_v_ramp,width_ramp,width_suprathresh_ramp,upstroke_ramp,downstroke_ramp,postap_slope_ramp,threshold_i_ramp,trough_deltav_ramp,fast_trough_deltav_ramp,peak_deltav_ramp,upstroke_downstroke_ratio_short_square,threshold_v_short_square,width_short_square,width_suprathresh_short_square,upstroke_short_square,downstroke_short_square,postap_slope_short_square,fast_trough_deltav_short_square,peak_deltav_short_square,v_baseline,rheobase_i,fi_fit_slope,sag,sag_peak_t,sag_area,vm_for_sag,input_resistance,tau,latency_rheo,avg_rate_rheo,mean_isi_rheo,upstroke_downstroke_ratio_rheo,threshold_v_rheo,width_rheo,width_suprathresh_rheo,upstroke_rheo,downstroke_rheo,postap_slope_rheo,fast_trough_v_last_rheo,adp_v_last_rheo,adapt_hero,avg_rate_hero,latency_hero,mean_isi_hero,median_isi_hero,isi_cv_hero,isi_norm_sq_var_hero,upstroke_downstroke_ratio_hero,threshold_v_hero,width_hero,width_suprathresh_hero,upstroke_hero,downstroke_hero,postap_slope_hero,ahp_delay_ratio_hero,sag_depol,sag_peak_t_depol,sag_area_depol,adapt_mean,isi_cv_mean,isi_norm_sq_var_mean,adapt_max,isi_cv_max,isi_norm_sq_var_max,isi_adapt_ratio,width_adapt_ratio,upstroke_adapt_ratio,downstroke_adapt_ratio,peak_v_adapt_ratio,threshold_v_adapt_ratio,fast_trough_v_adapt_ratio,ahp_delay_ratio_5spike,trough_slowdeltav_rheo,trough_slowdeltav_hero,trough_deltav_rheo,trough_deltav_hero,fast_trough_deltav_rheo,fast_trough_deltav_hero,peak_deltav_rheo,peak_deltav_hero,first_isi_inv_rheo,first_isi_inv_hero,sag_tau,peak_ratio_chirp,peak_freq_chirp,3db_freq_chirp,peak_impedance_chirp,low_freq_impedance_chirp,sync_freq_chirp,phase_peak_chirp,phase_low_chirp,total_inductive_phase_chirp
652080528,H17.06.015.11.06.06,H17.06.015.11.06,H17.06.015.11,H17.06.015,TemL,TemL,acute,acute,,Inh L1-3 SST CALB1,2.20753049,-42.56250381,0.00072,0.00066,259.6321271,-117.6120232,-0.262231865,10.375,-16.78124619,-9.71875,71.03125572,2.179621577,-42.93750381,0.00074,0.00068,246.8065795,-113.2336833,-0.58987086,-8.71875,70.68750572,-57.01652718,10,0.4875,0.558592796,0.0311,0.827258984,-82.25000763,198.1251091,0.017743787,0.07994,5,0.21566,2.218885898,-43.50000381,0.00074,0.00068,249.3925152,-112.3953762,-0.001136046,-51.40625381,,0.014387934,25,0.01426,0.040113333,0.04004,0.146692443,0.000893144,2.155869188,-43.78125,0.0007,0.00066,253.7165018,-117.6864085,0.30132876,0.274690124,,,,0.03275054,0.15613314,0.003449258,0.075731155,0.172158209,0.008383723,1.578273299,1.054054054,0.888405395,0.963935555,0.91544539,0.977729799,0.99453552,0.143312563,-7.0625,-0.249996185,-15.03125,-7.8125,-7.96875,-7.562503815,71.21875381,71.46875191,5.718860803,38.75968992,0.028961447,1.207201838,3.201280512,8.703481393,0.241646215,0.200170517,1.400560224,-0.25120151,0.12547484,0.006554732
674650727,H18.03.005.11.06.05,H18.03.005.11.06,H18.03.005.11,H18.03.005,STG,TemL,acute,acute_immune,,Inh L1-3 SST CALB1,3.014080947,-43.46875,0.00088,0.0008,335.3658071,-111.2663571,0.965612076,34.625,-12.62500381,-12.53125,91.46875,3.015257484,-41.28125381,0.00078,0.0007,369.5532634,-122.5610965,0.169844404,-16.5625,87.12500763,-62.83636202,20,0.253571426,0.3390809,0.08376,1.437165313,-82.87500763,247.6564348,0.032345936,0.59102,1,,3.153044943,-42.46875381,0.0009,0.00082,334.8055654,-106.1848377,0.503160235,-55.96875381,-53.78125381,0.011199354,18,0.05364,0.055230588,0.05078,0.16204241,0.001084567,2.914202116,-41.15625,0.00084,0.00074,339.9783507,-116.6625845,0.57102058,0.031920748,,,,0.009449694,0.172880611,0.000756447,0.011199354,0.188676461,0.001084567,0.920959497,1.261904762,0.575998413,0.740370375,0.832432515,0.891419894,0.902650022,0.031920748,-0.25,-0.3125,-13.75,-16.93750381,-13.5,-16.62500381,90.21875763,87.40625,,19.69279244,0.099389519,1,0.400160064,2.300920368,0.323488593,0.323488593,0.400160064,-0.256328791,-0.256328791,0
1079573757,H21.03.302.11.51.01.03,H21.03.302.11.51.01,H21.03.302.11,H21.03.302,MTG,TemL,culture,culture,Basket,Inh L1-3 SST CALB1,2.272804808,-34.69791794,0.000815,0.00068,222.2002963,-98.41988314,-0.62239033,38.29166667,-19.01041794,-17.88541667,57.65625254,2.08118296,-29.90625,0.000855,0.00061,189.8199431,-91.20771539,-1.071260254,-28.18750381,43.90625,-64.04518191,24,0.465794765,0.293782175,0.059165,2.229832812,-99.75000763,255.2929223,0.024902903,0.729445,1,,2.220343466,-35.43750381,0.00087,0.000715,187.7295576,-84.54978273,-1.074854883,-52.3125,,-0.0010204,25,0.07967,0.038330833,0.0389475,0.083844504,0.001408642,2.20020548,-33.84375381,0.000865,0.000705,188.1879251,-85.53197725,-0.610806111,0.065829617,0.033424776,0.62461,0,-0.005753414,0.063722169,0.00077067,0.000279682,0.108758243,0.001408642,0.833248421,1.025252525,0.808811135,0.918856631,0.991735538,0.92102929,0.921099826,0.115293989,-1.906253815,-0.78125,-18.78125,-18.46874619,-16.87499619,-17.68749619,51.59375381,50.84375381,,22.21481728,0.145414401,1,0.459510254,39.51788184,0.503378034,0.503378034,35.38228956,-0.161651969,-0.161651969,0.019474074
734995812,H18.03.314.12.02.02,H18.03.314.12.02,H18.03.314.12,H18.03.314,MTG,TemL,culture,culture,,Inh L1-3 SST CALB1,,,,,,,,,,,,3.467437389,-28.52583453,0.000897333,0.000744,439.7288396,-126.8857685,0.000783787,-26.6487512,86.27375399,-57.2246624,40,0.107758615,0.213389918,0.08464,0,-72.6625061,195.1420456,0.026013648,0.222,2,0.32542,3.12245312,-32.18124771,0.0009,0.00076,372.133442,-119.1798332,0.221963916,-53.21875381,-50.20000458,0.004653884,17,0.03008,0.057365,0.05641,0.085397613,0.001881319,3.241411883,-34.84375,0.00088,0.00076,403.7103796,-124.5476953,0.362466054,0.034236805,0.263144106,0.27394,0,0.027649815,0.092996118,0.004284775,0.058921931,0.170687409,0.005547005,1.266623973,1.044444444,0.817913231,0.94701924,0.942164687,0.935484006,0.981988252,0.008510997,-0.25,-0.075000763,-21.86875534,-21.94375229,-21.61875534,-21.86875153,84.13750076,86.72499847,3.072951878,20.50861362,,,,,,,,,,
717044970,H18.26.404.11.05.01.01,H18.26.404.11.05.01,H18.26.404.11,H18.26.404,MTG,TemL,acute,acute,,Inh L1-3 SST CALB1,1.871227065,-40.76041794,0.000706667,0.000606667,269.4842606,-144.2016804,-0.223031717,9.25,-20.35416667,-19.50000127,76.11458715,2.145857135,-42.80625076,0.000676,0.00058,300.6533503,-140.1589555,-0.586998052,-19.73750229,74.13750267,-64.13537169,40,0.421428571,0.608124554,0.03098,1.340590781,-99.90625763,351.0938585,0.017265579,0.01288,31,0.032717333,1.984771769,-43.15625,0.00072,0.0006,305.4687753,-153.9062476,0,-59.8125,,0.003238567,50,0.00758,0.019915918,0.0199,0.062817898,0.000871421,2.088138368,-43.46875,0.00068,0.00058,292.7644396,-140.2035632,1.169428153,0.104540655,,,,0.002684473,0.066781284,0.000768709,0.003238567,0.091724162,0.000871421,1.233082707,1.055555556,0.813299213,0.923857939,0.925307664,0.908037742,0.994900561,0.077124183,-0.3125,-0.15625,-18.43750381,-16.65625381,-18.12500381,-16.50000381,78.71875,75.59375,37.65060241,72.15007215,0.030692999,,,,,,,,,
718211624,H18.28.021.11.04.01,,H18.28.021.11,H18.28.021,FroL,FroL,acute,acute_immune,,Inh L1-3 SST CALB1,,,,,,,,,,,,,,,,,,,,,,,,,,,,,,,,,,,,,,,,,,,,,,,,,,,,,,,,,,,,,,,,,,,,,,,,,,,,,,,,,,,,,,,,,,,,,
759960718,H18.28.026.12.07.01,,H18.28.026.12,H18.28.026,TemL,TemL,acute,acute,,Inh L1-3 SST CALB1,,,,,,,,,,,,,,,,,,,,,,,,,,,,,,,,,,,,,,,,,,,,,,,,,,,,,,,,,,,,,,,,,,,,,,,,,,,,,,,,,,,,,,,,,,,,,
689306781,H18.03.009.11.16.02,H18.03.009.11.16,H18.03.009.11,H18.03.009,MTG,TemL,acute,acute_immune,DBC,Inh L1-3 SST CALB1,1.478495863,-30.45833588,0.00134,0.001013333,85.34580092,-55.13661051,-1.264797186,79.08333333,-20.95833333,-18.3541654,44.00000318,2.746336419,-42.73125305,0.000788,0.000704,290.8107367,-105.8898699,-0.429487619,-13.14374771,73.68125458,-62.66324393,20,0.26526946,0.376401275,0.04586,1.494635469,-93.87500763,246.5624511,0.022859149,0.0856,2,0.21874,2.363968063,-40.59375,0.00086,0.00076,229.9427025,-97.26980075,-1.494248593,-53.31250381,,0.023030714,16,0.0224,0.061162667,0.06322,0.14114895,0.002311224,2.579386543,-41.65625381,0.00082,0.00072,261.3905393,-101.3382581,-0.058030374,0.169831224,,,,0.029720839,0.116257593,0.002982105,0.087798742,0.184606895,0.007708619,1.425628141,1.195121951,0.651799697,0.76402117,0.805585405,0.899474786,0.957997769,0.169831224,-4.25,-0.25,-18.62500381,-12.90624619,-14.37500381,-12.65624619,68.59375,70.75000572,4.571637561,25.18891688,0.047448483,1,0.400160064,3.201280512,0.385880053,0.385880053,0.400160064,-0.01843391,-0.01843391,0
681573981,H18.29.124.11.02.04,,H18.29.124.11,H18.29.124,ITG,TemL,acute,acute,,Inh L1-3 SST CALB1,,,,,,,,,,,,,,,,,,,,,,,,,,,,,,,,,,,,,,,,,,,,,,,,,,,,,,,,,,,,,,,,,,,,,,,,,,,,,,,,,,,,,,,,,,,,,
728418445,H18.29.127.11.32.01,,H18.29.127.11,H18.29.127,SPL,ParL,acute,acute_immune,,Inh L1-3 SST CALB1,,,,,,,,,,,,,,,,,,,,,,,,,,,,,,,,,,,,,,,,,,,,,,,,,,,,,,,,,,,,,,,,,,,,,,,,,,,,,,,,,,,,,,,,,,,,,
681546151,H18.29.123.11.01.02,,H18.29.123.11,H18.29.123,TemL,TemL,acute,acute,DBC,Inh L1-3 SST CALB1,,,,,,,,,,,,,,,,,,,,,,,,,,,,,,,,,,,,,,,,,,,,,,,,,,,,,,,,,,,,,,,,,,,,,,,,,,,,,,,,,,,,,,,,,,,,,
819116654,h19.03.002.12.01.01.01.03,h19.03.002.12.01.01.01,h19.03.002.12,h19.03.002,MTG,TemL,culture,culture,,Inh L1-3 SST CALB1,2.651446087,-42.56041718,0.001033333,0.000866667,245.7798983,-92.69499222,-0.840164215,14.70833302,-23.55625153,-22.22500102,69.13750076,2.647530407,-43.67500305,0.00104,0.00086,258.5673689,-97.66360691,-0.841996313,-24,69.90000534,-69.74225807,20,0.675000013,0.428155214,0.05986,1.369899688,-95.2250061,464.5248652,0.018374872,0.04564,13,0.073295,2.63675167,-43.18124771,0.00102,0.00086,264.270544,-100.2257994,-0.909565974,-63.79999924,,0.002489235,41,0.01154,0.024518,0.0245,0.055463693,0.000945777,2.662125035,-43.09375381,0.001,0.00086,261.2392393,-98.13184423,-0.307850934,0.1352657,0.332763672,0.11198,1.508753906,0.00237621,0.0552957,0.000771844,0.003977375,0.061274655,0.001005245,1.131022823,1.019607843,0.876424867,0.933186646,0.945084173,0.950499417,0.971165793,0.094071806,-1.262512207,-0.349998474,-23.97500992,-20.09375,-22.71249771,-19.74375153,71.40624809,70.86250305,14.09244645,48.92367906,0.065062862,,,,,,,,,
819194697,h19.03.002.12.01.01.02.01,h19.03.002.12.01.01.02,h19.03.002.12,h19.03.002,MTG,TemL,culture,culture,,Inh L1-3 SST CALB1,1.818622071,-29.18958473,0.00062,0.000506667,280.4076106,-154.1214134,1.113267563,39.58333333,-24.01458295,-22.0750014,64.19791985,2.049278989,-33.95625305,0.00056,0.00048,354.880604,-173.173397,1.433038896,-20.66874695,72.2250061,-60.03258237,40,0.334999993,0.482347518,0.03882,0.959959609,-82.95000458,214.7333324,0.019908757,0.08664,3,0.27515,1.996992905,-31.33125305,0.0006,0.0005,320.9826298,-160.7329846,0.24858034,-51.35625076,-49.29375458,0.021266153,17,0.03018,0.06014625,0.06293,0.15780155,0.00124332,1.983443585,-32.98750305,0.00058,0.00048,326.5401473,-164.6329393,1.423315303,0.023782876,0.38292253,0.20824,1.714489531,0.101540454,0.212157002,0.027618733,0.324295839,0.324295839,0.105167791,1.466866467,1.137931034,0.736010112,0.877860956,0.83510913,0.896121396,0.964427775,0.014757672,-0.112503052,-0.168750763,-22.02499771,-20.86249924,-21.91249466,-20.69374847,68.65000534,69.53125763,5.378657487,26.49708532,0.028307997,1.058846354,2.200655795,6.251863055,0.345189601,0.326005369,0.550163949,-0.234583318,0.026094357,0.000809981
855783147,H19.03.308.99.02.06.01.09,H19.03.308.99.02.06.01,H19.03.308.99,H19.03.308,ITG,TemL,culture,culture,DBC,Inh L1-3 SST CALB1,,,,,,,,,,,,2.105781938,-44.98749924,0.00062,0.00052,337.1251542,-160.0949975,-0.378498436,-18.53749847,76.92500114,-61.82702368,10,0.014570157,0.464791656,0.03198,0.725834219,-87.55000305,250.7066131,0.017759465,0.11704,1,,1.873607402,-34.56250381,0.00072,0.00058,249.7343555,-133.2906537,-0.843917066,-58.3125,-58.60000229,,2,0.02414,0.05186,0.05186,0,,2.15264206,-42.42500305,0.00062,0.00052,331.3144476,-153.9106077,0.301788043,0.038150289,0.250930011,0.06334,1.5521,0.102116742,0.092801243,0.017402323,0.255754476,0.255754476,0.065410352,1.358508604,1.34375,0.491018069,0.704275761,0.620049997,0.778143286,0.943324099,0.078817734,-0.71875,-0.275005341,-24.46874619,-19.29375076,-23.74999619,-19.01874542,64.08125496,73.53125381,,19.28268415,0.044506691,,,,,,,,,
820061176,H19.03.004.99.01.04.02.06,H19.03.004.99.01.04.02,H19.03.004.99,H19.03.004,TemL,TemL,culture,culture,,Inh L1-3 SST CALB1,0.913491965,-19.74374962,0.00162,0.0011,37.74138697,-41.31551059,-0.560463708,50.125,-18.22500038,-17.08125114,30.4375,2.128973068,-31.64375114,0.00082,0.0007,198.7010019,-93.33185323,-0.052659569,-13.75625038,58.80000114,-60.07882661,40,0.104999997,0.37913987,0.03246,2.128413438,-101.625,346.4452624,0.015170448,0.05006,1,,1.764324967,-25.05000114,0.00096,0.00074,132.5654004,-75.13661198,0.54196909,-42.70000458,,0.078087002,7,0.01466,0.022186667,0.0222,0.258266848,0.009449446,1.961050265,-31.45625114,0.00084,0.00072,174.5689457,-89.01808833,1.691144076,0.19858156,0.289242238,0.08798,3.288049688,0.10064414,0.244410052,0.014961955,0.14565643,0.258266848,0.027064075,1.843797856,1.523809524,0.359368785,0.580164065,0.598386694,0.671965031,0.851299453,0.19858156,-0.118747711,-0.031253815,-17.76875114,-10.90000343,-17.65000343,-10.86874962,46.88750267,57.02500343,,77.04160247,0.091504179,,,,,,,,,
894610619,H19.03.314.1A.03.09,H19.03.314.1A.03,H19.03.314.1A,H19.03.314,MTG,TemL,culture,culture_immune,DBC,Inh L1-3 SST CALB1,0.826724131,-15.73125076,0.00092,0.00092,37.88960398,-45.8310125,-0.515177161,232,-25.55625153,-25.28749847,23.86250019,1.864337143,-32.70000076,0.0007,0.00056,260.3004037,-139.620886,-0.068816934,-22.85624695,68.70000458,-59.9021528,160,0.114261576,0.543536842,0.03722,1.044404531,-78.5,164.8436636,0.015449475,0.01972,1,,1.878835261,-30.56250191,0.0007,0.00056,259.1622027,-137.9376937,0.755201263,-54.48749924,,,2,0.01304,0.01974,0.01974,0,,1.838600918,-31.35624886,0.0007,0.00058,256.9176382,-139.7354019,0.910857759,0.093939394,0.142562017,0.07914,1.071279844,0.017267334,0.162103985,0.024025145,0.032201056,0.678042747,0.066445485,1.247933884,1.352941176,0.539612704,0.646685998,0.769608641,0.766783159,0.902511204,0.133399209,-0.168754578,-0.150001526,-24.09375191,-22.63750267,-23.92499733,-22.48750114,66.58749962,67.24999809,,50.6585613,0.040322065,,,,,,,,,
851826399,H19.03.307.99.01.02.01.04,H19.03.307.99.01.02.01,H19.03.307.99,H19.03.307,SFG,FroL,culture,culture,,Inh L1-3 SST CALB1,3.401462538,-29.15416718,0.001366667,0.00118,164.0078382,-48.24650089,-1.093127824,38.875,-16.26666641,-12.51250203,53.98333422,3.360523504,-29.51562595,0.00133,0.00104,191.5274754,-56.95419384,-1.288923027,-22.78124905,53.82812691,-59.88807416,40,0.454999988,0.274347395,0.03984,2.009857031,-100.2000046,420.0285375,0.014168718,0.05036,7,0.13031,3.361841386,-30.18125153,0.00136,0.00114,178.5221429,-53.10248832,-0.349659329,-39.56875229,,0.007337241,26,0.0145,0.0380392,0.03666,0.123256134,0.001463875,3.445099595,-29.28750229,0.00126,0.00112,185.1571878,-53.74509001,-0.235406321,0.240937224,0.226805821,0.207,1.058631563,0.014481392,0.130138797,0.002191949,0.034945492,0.148106813,0.003134982,1.037742207,1.029411765,0.760704909,0.870410259,0.98448057,0.910747495,0.862630951,0.130016623,-1.212505341,-0.537502289,-18.21250153,-11.83750153,-16.99999619,-11.29999924,55.15000153,56.20000267,8.428860418,31.44654088,0.138740807,,,,,,,,,
893647190,H19.03.314.1A.01.05,H19.03.314.1A.01,H19.03.314.1A,H19.03.314,MTG,TemL,culture,culture_immune,DBC,Inh L1-3 SST CALB1,1.534304524,-24.74583308,0.000833333,0.000613333,142.9761172,-92.8609036,-1.06543406,117.3333308,-26.11250432,-23.61041768,43.82500076,1.822744687,-37.53125381,0.00062,0.0005,290.4965953,-159.3731681,-0.333784374,-19.8687439,65.53125381,-64.54010162,70,0.334110169,0.481467903,0.03328,0.898625781,-83.8500061,170.5937982,0.015446899,0.05432,1,,1.958130508,-35.07500076,0.00064,0.00054,280.2456767,-143.1189982,-0.713125766,-55.50000381,-55.63750458,0.111776447,3,0.026,0.04008,0.04008,0.111776447,0.012493974,1.966124079,-36.24374771,0.00064,0.00052,286.2440191,-145.5879729,0.722990648,0.050224215,0.428530782,0.10814,2.116404688,0.050961014,0.245879893,0.020313543,0.111776447,1.067932512,0.06227858,1.520059435,1.193548387,0.691876329,0.789646756,0.856378187,0.814048266,0.945345956,0.058162268,-0.481246948,-0.268749237,-20.90625,-19.55625534,-20.42500305,-19.2875061,64.73125267,64.96875,,28.08988764,0.030196816,,,,,,,,,
855465998,H19.03.308.99.02.06.01.05,H19.03.308.99.02.06.01,H19.03.308.99,H19.03.308,ITG,TemL,culture,culture_immune,,Inh L1-3 SST CALB1,1.855457587,-35.59375254,0.00096,0.000733333,172.7904113,-93.05860457,-0.451508806,19.54166667,-23.93750127,-23.51458232,58.42917061,2.172352653,-40.13125038,0.00084,0.00069,242.2130524,-111.4829898,-0.415577386,-20.34687614,67.5187521,-55.48828888,10,0.568821297,0.360916495,0.0368,1.2826625,-98.30000305,277.6663899,0.016310074,0.17926,1,,2.006121068,-36.60000229,0.00092,0.0007,197.6441735,-98.52056125,-0.651043346,-59.35625458,,0.018215925,23,0.0148,0.042396364,0.03914,0.23078409,0.001160494,2.195483851,-39.42499924,0.00084,0.00068,238.4727351,-108.6196717,0.082475814,0.054471033,,,,0.037770741,0.307262289,0.038516454,0.10965304,0.91609766,0.186987975,1.169524176,1.255813953,0.579347117,0.713843443,0.715901221,0.873969853,0.963683358,0.022793837,-0.46875,-0.237503052,-23.22500229,-20.13750458,-22.75625229,-19.90000153,61.78125381,66.73125076,,33.89830508,0.040413717,,,,,,,,,
855775470,H19.03.308.99.02.06.01.08,H19.03.308.99.02.06.01,H19.03.308.99,H19.03.308,ITG,TemL,culture,culture_immune,,Inh L1-3 SST CALB1,2.085900906,-50.0020841,0.001026667,0.00084,161.9966366,-77.76220071,-0.583392658,38.95833333,-18.46250025,-17.97500229,54.78333412,2.082899969,-52.15000153,0.00094,0.00078,189.3909338,-90.92656231,-0.801846461,-19.81250763,58.85000181,-69.60930487,29.99999809,0.708478778,0.451048285,0.04246,1.870375313,-102.9625092,438.343823,0.020254927,0.0618,12,0.084325455,1.896661956,-46.48125076,0.00088,0.00074,192.2525685,-101.3636446,-0.3727464,-64.63749695,-62.51875305,0.004629524,37,0.00986,0.027233889,0.02765,0.107043415,0.001705403,2.096334259,-51.55625153,0.00082,0.0007,248.1810828,-118.3881252,-0.427355323,0.106316448,0.274217367,0.08008,0,0.060196087,0.182907493,0.012103894,0.216914286,0.403353811,0.058689018,1.145741652,1.068181818,0.779598465,0.962837775,0.885768749,0.977948147,0.969230859,0.042099924,-0.368751526,-0.318756104,-21.73125076,-18.31250763,-21.36249924,-17.99375153,59.61250019,70.95625305,12.95001295,43.25259516,0.062719247,,,,,,,,,
855827363,H19.03.308.99.02.06.01.11,H19.03.308.99.02.06.01,H19.03.308.99,H19.03.308,ITG,TemL,culture,culture,,Inh L1-3 SST CALB1,1.734626066,-34.96875381,0.000773333,0.000593333,237.0772012,-136.6745983,-0.650198103,18.91666667,-27.09374746,-26.38124593,67.61458842,1.897062842,-39.48749924,0.0007,0.00056,293.1891789,-154.5490072,-0.997711156,-23.76874924,75.60624695,-59.20595469,20,0.65714293,0.389428645,0.04964,1.614520625,-98.98749542,342.3435986,0.026856674,0.09912,5,0.145785,1.824473769,-33.59999847,0.00076,0.00058,252.9391882,-138.6367907,-0.862596277,-58.97499847,,0.005593279,30,0.01736,0.033106897,0.03244,0.080505518,0.000481104,1.864055474,-38.28750229,0.0007,0.00056,290.1361762,-155.6478229,0.365594954,0.073854447,0.175237343,0.1994,0,0.020218121,0.096520492,0.002118275,0.076738827,0.160664702,0.009075939,1.588344126,1.052631579,0.781673303,0.930377224,0.863097459,0.975260552,0.984488045,0.022597554,-0.743747711,-0.25,-27.58125305,-22.73125076,-26.83750534,-22.48125076,68.38749695,74.65000534,9.254118083,36.87315634,0.036381838,,,,,,,,,
872139724,H19.03.311.99.02.05.01.01,H19.03.311.99.02.05.01,H19.03.311.99,H19.03.311,TemL,TemL,culture,culture_immune,,Inh L1-3 SST CALB1,1.654474502,-29.94791857,0.000546667,0.000433333,278.718714,-168.4303925,0.022744392,104.2916667,-26.59791756,-25.38958422,55.23750305,1.774505025,-36.85000229,0.00048,0.00042,363.8816009,-205.0609019,-0.080965339,-21.97500229,65.1312542,-59.30201378,100,0.349999985,0.538159847,0.02606,0.545291094,-72.09999847,114.281252,0.009604495,0.05962,1,,1.690968024,-31.30000114,0.00054,0.00042,305.605588,-180.7281886,0.300164176,-55.92499924,-55.50625229,0.021328829,16,0.01606,0.064144,0.06484,0.176732366,0.003942585,1.743128228,-34.28750229,0.0005,0.00042,339.9828354,-195.0417817,0.521877665,0.021246052,0.29207772,0.06804,0.736976797,0.047319764,0.280012856,0.014764785,0.105211802,0.52521785,0.0393992,2.15835368,1.115384615,0.824367704,0.882465908,0.928032022,0.933595309,0.977066727,0.005817378,-0.256252289,-0.231246948,-24.88125038,-23.11249542,-24.62499809,-22.88124847,57.87500191,61.75000381,,26.15062762,0.024978559,,,,,,,,,
966905488,H19.06.363.11.51.01.04,H19.06.363.11.51.01,H19.06.363.11,H19.06.363,OccL,OccL,culture,culture,DBC,Inh L1-3 SST CALB1,2.016688315,-36.18541718,0.00078,0.000646667,195.18194,-96.79315055,-0.790980995,30.0416654,-19.81666946,-16.00624975,52.86041705,2.016749694,-41.03125381,0.00068,0.00058,231.2821635,-114.6806489,-0.604694091,-14.40624619,56.58750439,-59.86377687,26,0.672861612,0.572767794,0.0273,1.195034922,-88.3812561,251.281321,0.012439103,0.12778,1,,2.038105483,-35.32500076,0.00076,0.00064,211.6138454,-103.8287013,-0.682652271,-52.80000305,,0.006474216,36,0.01394,0.027957714,0.02788,0.12688606,0.001301377,1.99219676,-38.26875305,0.00068,0.0006,222.1610469,-111.515615,0.366498003,0.151941098,0.407952994,0.12822,1.491065625,0.060957582,0.153959477,0.012618906,0.217538221,0.217538221,0.047322877,1.183206107,1.117647059,0.847739721,0.86538813,0.936992456,0.980540918,0.966579816,0.135056425,-3.662498474,-0.137500763,-21.13750076,-13.57499695,-17.47500229,-13.43749619,55.30000114,56.56250191,,52.02913632,0.02516016,1.598555088,3.15093898,7.252161144,0.460716009,0.288207769,1.950581273,-0.234309301,0.109901428,0.004433986
893655882,H19.03.314.1A.02.07,H19.03.314.1A.02,H19.03.314.1A,H19.03.314,MTG,TemL,culture,culture_immune,SMC,Inh L1-3 SST CALB1,2.719230277,-28.28500137,0.000788,0.000644,332.4343042,-122.2423604,-0.732447841,107.275,-25.26000061,-23.42999954,76.51875229,3.031253654,-37.85416667,0.000753333,0.000666667,383.7912528,-126.625747,-0.362789953,-15.24583562,87.00833511,-64.92969371,38,0.037946513,0.346880347,0.06512,1.670276875,-92.4750061,233.6327434,0.025320528,0.19352,1,,2.961509578,-33.84999847,0.00078,0.00066,374.6580173,-126.5091358,-0.683123795,-53.61249924,,,2,0.03424,0.0647,0.0647,0,,2.99074628,-36.45624924,0.00076,0.00064,388.6340358,-129.9455051,0.144434669,0.033982082,0.282926887,0.21024,1.273125156,0.36055033,0.598954758,0.168384596,0.589688835,1.045524148,0.347732922,15.51570881,1.138888889,0.66960697,0.815909268,0.86289515,0.694841991,0.920959331,0.016742394,-4.550003052,-0.199996948,-24.31250381,-17.3125,-19.76250076,-17.11250305,83.04375076,86.35000229,,15.45595054,0.092528995,,,,,,,,,
894438630,H19.03.314.1A.03.05,H19.03.314.1A.03,H19.03.314.1A,H19.03.314,MTG,TemL,culture,culture_immune,,Inh L1-3 SST CALB1,2.601424114,-31.55416679,0.00064,0.000553333,446.5227874,-171.6470224,1.373795243,62.83333079,-21.50000191,-21.3541673,84.58958626,2.502726017,-32.90625381,0.00062,0.00054,441.9466364,-176.5861038,0.960351914,-20.30624771,83.14375687,-59.59022487,50,0.37,0.528876007,0.03022,1.065123438,-81.76249695,206.1418444,0.01303286,0.05214,1,,2.436131613,-32.04375076,0.00064,0.00056,418.3591832,-171.7309446,0.908945913,-52.84375381,-47.81250381,0.051962189,17,0.01938,0.06082,0.06535,0.270378419,0.010607021,2.552071976,-33.01250076,0.00062,0.00054,448.6185491,-175.7860097,2.023733736,0.02039312,0.460419357,0.0698,0.770760547,0.067495924,0.296278487,0.014381677,0.11659102,0.372541414,0.027613421,3.872641509,1.064516129,0.720106585,0.903773882,0.887150315,0.850454953,0.983966075,0.010459987,-0.162498474,-0.100002289,-20.96250153,-19.86249924,-20.80000305,-19.76249695,80.41249847,84.23749924,,60.45949214,0.023814532,,,,,,,,,
1037452707,H20.03.305.11.53.01.01,H20.03.305.11.53.01,H20.03.305.11,H20.03.305,MTG,TemL,culture,culture_immune,DBC,Inh L1-3 SST CALB1,1.866263567,-32.66041692,0.00058,0.00048,254.2933519,-136.2869283,-0.074815385,154.3333333,-19.50416946,-17.87708664,53.99166679,1.953083578,-39.625,0.00052,0.00044,312.2782394,-159.8898496,0.789589382,-15.18125153,60.60625076,-64.76369629,100,0.124999999,0.412328333,0.03236,0.794562813,-77.6625061,108.125113,0.01142872,0.0378,1,,2.001158442,-37.63750076,0.00054,0.00046,292.6972283,-146.2638951,0.47274561,-53.71875381,-51.73750305,,2,0.02032,0.02324,0.02324,0,,1.969352013,-38.77500153,0.00052,0.00046,306.0179725,-155.3901844,1.682478715,0.060189166,0.616171837,0.0599,1.031732344,0.178545848,0.313263205,0.091424477,0.178545848,0.62652641,0.091424477,9.0321489,1.153846154,0.760913649,0.842393295,0.917247779,0.862623972,0.954550782,0.082033507,-0.362495422,-0.143749237,-16.44374847,-14.95624924,-16.08125305,-14.8125,57.66250038,59.51250267,,43.0292599,0.06229454,1.529731631,4.851445731,12.55374101,0.153683826,0.100464568,2.750819744,-0.266001225,0.16084379,0.005517716
894198050,H19.03.314.1A.03.01,H19.03.314.1A.03,H19.03.314.1A,H19.03.314,MTG,TemL,culture,culture_immune,,Inh L1-3 SST CALB1,,,,,,,,,,,,2.091990949,-24.87500191,0.0006,0.00046,405.2693102,-193.7242178,0.576948286,-33.06874657,74.90625572,-65.00425103,50,0.024264154,0.383152038,0.0631,1.549107813,-89.0687561,211.1914754,0.024793261,0.11446,1,,2.174190338,-26.45000076,0.00058,0.00048,416.3593971,-191.5008956,0.8057127,-58.04375076,-53.20624924,,1,0.03758,,,,,2.237160249,-28.22500038,0.00058,0.00044,440.3359235,-196.8280653,1.939938228,,0.399727553,0.06512,0.67635625,0.081617757,0.10465634,0.014773155,0.199228792,0.199228792,0.039692111,1.401985112,1.333333333,0.453832436,0.65212559,0.669466661,0.672158136,0.874804647,0.126835781,-0.218753815,-0.0625,-31.81250381,-30.1937542,-31.59375,-30.1312542,76.94375229,79.0687542,,,0.085499795,,,,,,,,,
894467531,H19.03.314.1A.03.06,H19.03.314.1A.03,H19.03.314.1A,H19.03.314,MTG,TemL,culture,culture_immune,,Inh L1-3 SST CALB1,1.91636069,-28.59375127,0.000586667,0.000473333,316.7306534,-165.0659322,1.613150905,63.79166412,-25.7833341,-25.65208562,65.51250458,2.085236962,-32.17500114,0.00055,0.00046,370.9014545,-177.8717814,2.206570195,-23.91562462,70.64999962,-59.80551011,40,0.289442231,0.532860398,0.04476,1.362515938,-80.59999847,187.0313585,0.019519703,0.07258,1,,2.045952401,-32.54999924,0.00056,0.00046,362.7253693,-177.2892512,1.966083565,-55.02500153,-50.18125153,0.354890865,3,0.02798,0.03711,0.03711,0.354890865,0.125947526,2.070736668,-33.01874924,0.00056,0.00046,373.7588493,-180.4955961,2.472682984,0.027048528,0.437781274,0.12796,0.885791094,0.114027303,0.427003677,0.069492152,0.354890865,1.014202355,0.148413369,3.274917853,1.222222222,0.673383854,0.827350392,0.826910809,0.770446066,0.956423599,0.005496116,-0.143749237,-0.075000763,-22.61875153,-22.54375458,-22.47500229,-22.46875381,69.89999771,71.78125,,41.7710944,0.037718249,,,,,,,,,
910477870,H19.03.316.2A.01.08,H19.03.316.2A.01,H19.03.316.2A,H19.03.316,PaCG,FroL,culture,culture,,Inh L1-3 SST CALB1,1.890440038,-25.66458511,0.000626667,0.0005,325.4610251,-172.1728362,-0.742910145,184.75,-29.0208346,-28.33124924,74.21875381,2.055466107,-34.86250114,0.00058,0.0005,378.6212948,-184.2012046,-1.22872293,-20.97187424,82.01875305,-56.81015124,110,0.084358291,0.421931833,0.05016,1.063283125,-71.88124847,128.5312176,0.013599355,0.09746,1,,2.061213982,-31.76249886,0.00062,0.0005,356.4312024,-172.92295,-0.891801789,-54.42500305,,0.261085743,3,0.04934,0.09855,0.09855,0.261085743,0.068165765,2.086898648,-32.65625381,0.0006,0.00052,372.9432304,-178.7069203,-0.564933287,0.018986323,0.368368357,0.13852,1.193252344,0.131982031,0.459940743,0.049555289,0.261085743,0.984455521,0.088281779,2.038430421,1.066666667,0.82438704,0.960568875,0.957037086,0.862049302,0.988025985,0.023417345,-0.962501526,-0.65625,-23.62500572,-22.53749847,-22.6625042,-21.88124847,78.68749809,80.7250061,,13.73249107,0.109231734,,,,,,,,,
928381323,H19.03.318.1A.02.07,H19.03.318.1A.02,H19.03.318.1A,H19.03.318,MTG,TemL,culture,culture_immune,,Inh L1-3 SST CALB1,3.369425,-25.45624987,0.000793333,0.00066,391.66782,-116.241618,-0.828499374,91.41666412,-25.19375292,-24.3020827,78.31458728,2.491730998,-28.08749962,0.00066,0.00052,410.5931891,-164.7823098,-0.793437542,-25.82500267,74.90625191,-64.80221812,80,0.204310354,0.289217114,0.09294,2.246052188,-91.74375153,217.869252,0.035980814,0.22454,1,,3.436329239,-26.06875038,0.00078,0.00066,410.5801154,-119.4821819,-0.664757403,-50.05624771,,0.037760012,9,0.07888,0.11001,0.11306,0.165503948,0.002998515,3.284816021,-26.48125076,0.00078,0.00064,403.9399978,-122.9718789,-0.242208036,0.029444533,0.182334974,0.19344,1.468338281,0.042290912,0.123690938,0.003471878,0.063289083,0.165503948,0.006161878,1.584494774,1.105263158,0.824274836,0.893880779,0.943510312,0.892857163,0.93526674,0.021278826,-0.950000763,-0.431247711,-24.93749809,-24.73125076,-23.98749733,-24.30000305,78.83125496,79.12500381,,13.5171668,0.207219907,1.072954297,1.35040242,4.801430826,0.291315198,0.271507561,0.550163949,-0.183095917,0.035553899,0.001004532
939536264,H19.03.320.1A.06.01,H19.03.320.1A.06,H19.03.320.1A,H19.03.320,MTG,TemL,culture,culture,,Inh L1-3 SST CALB1,1.937349307,-22.83958371,0.0011,0.00074,153.0047048,-78.98563018,-0.32023028,69.875,-31.94374911,-31.50416756,48.56666692,2.458839361,-23.2531271,0.00084,0.00061,250.0208433,-101.6792234,-0.581878374,-29.19062519,56.11250019,-69.99931662,36,0.364961759,0.079690523,0.08272,0,-100.8499985,247.9375452,0.019783622,0.102,1,,2.361173798,-24.91875076,0.0009,0.00066,230.4347128,-97.59328729,-0.86288262,-52.71250153,,0.033487859,18,0.02326,0.05522,0.05892,0.186436104,0.009095443,2.573924209,-30.19375229,0.0008,0.00066,262.3369453,-101.9210062,0.279629366,0.067914948,0.342896551,0.14312,0.854224688,0.049099574,0.216979445,0.012453042,0.090330185,0.295037125,0.023124155,3.17787189,1.425,0.562195848,0.754740647,0.744275592,0.819155641,1.073128485,0.039283651,-1.4375,-0.093753815,-29.23125076,-19.13750076,-27.79375076,-19.04374695,57.12500381,64.40000534,,48.03073967,,1.000390649,0.400119236,5.451624584,0.371855974,0.371710777,0.400119236,-0.009165923,-0.009165923,0
847678482,H19.06.352.99.01.05.01.01,H19.06.352.99.01.05.01,H19.06.352.99,H19.06.352,MTG,TemL,culture,culture_immune,,Inh L1-3 SST CALB1,2.528008721,-34.02708562,0.00102,0.00088,223.5152707,-88.39598764,-0.454689457,30.20833333,-19.30625153,-18.01666387,63.98958715,2.546589288,-34.72499847,0.001,0.00086,224.541227,-88.17331796,-0.257583091,-16.91875458,62.61874771,-59.9087944,20,0.509677416,0.391153246,0.0483,1.404519844,-94.30000305,291.3694084,0.020174464,0.17834,1,,2.468232401,-34.24374771,0.00104,0.0009,216.8142421,-87.84190744,-0.888407557,-52.30000305,,0.015078276,27,0.02218,0.036951538,0.0383,0.155401988,0.001292791,2.609254171,-35.51874924,0.00096,0.00088,232.695152,-89.18071477,0.776873832,0.070381232,0.213968888,0.10812,0,0.054710296,0.22335564,0.008401119,0.160336665,0.358894721,0.027762496,2.644026683,1.04,0.871462142,0.963382999,0.975996547,0.933545464,0.99939069,0.081498471,-2.65625,0,-20.71250534,-13.79999924,-18.05625534,-13.79999924,62.56874847,64.64375114,,52.02913632,0.055482926,,,,,,,,,
848653390,H19.06.352.99.01.06.01.10,H19.06.352.99.01.06.01,H19.06.352.99,H19.06.352,MTG,TemL,culture,culture,,Inh L1-3 SST CALB1,2.013576762,-18.18750064,0.001073333,0.000833333,143.7728769,-71.3021146,-0.623578352,61.99999619,-23.4479173,-19.14166451,54.28125064,2.773406963,-29.72500229,0.00076,0.00066,311.290507,-112.2411933,-0.358721278,-13.74374771,77.23125458,-60.1831234,40,0.449999996,0.376351684,0.04932,2.195295938,-99.79375458,378.5313666,0.02078792,0.05676,1,,2.634359755,-25.94999886,0.0008,0.00068,281.7382553,-106.9475249,0.112902414,-42.91875458,-41.82500458,0.046574509,18,0.02004,0.055611765,0.05788,0.28543818,0.00778852,2.675133667,-27.47500038,0.00076,0.00066,291.1884308,-108.850049,1.300803945,0.160230271,0.458879828,0.1108,1.63913125,0.102265089,0.452150596,0.048167957,0.23336287,0.840945959,0.132407525,10.63678427,1.289473684,0.581998324,0.725340546,0.822228048,0.726105832,0.913326205,0.06054923,-0.181243896,-0.131252289,-17.14999962,-13.18750191,-16.96875572,-13.05624962,71.53125191,74.51250267,,54.2888165,0.080642602,,,,,,,,,
848656903,H19.06.352.99.02.03.01.03,H19.06.352.99.02.03.01,H19.06.352.99,H19.06.352,MTG,TemL,culture,culture,,Inh L1-3 SST CALB1,1.673137938,-31.01875051,0.000773333,0.000606667,199.2303026,-116.2312085,-0.485367819,36.25,-23.31875102,-21.05416616,57.40625064,2.544866248,-39.54687881,0.00064,0.00055,386.9562168,-152.0453893,-1.422751967,-17.78124619,78.8187542,-59.54118523,20,0.64655173,0.434994489,0.03656,1.649567031,-97.46875763,313.8670921,0.021240505,0.35114,1,,1.711382261,-29.59375,0.00072,0.00056,207.4944773,-121.2437934,-0.859047728,-52.00625229,,0.004628222,29,0.01486,0.035049286,0.03517,0.102753539,0.000520383,2.455921204,-38.31874847,0.00062,0.00054,369.2033843,-150.331934,-0.441579806,0.115278544,0.035504233,0.85158,0,0.019311107,0.104023398,0.00130179,0.055955858,0.119768122,0.003131136,1.101118761,1.09375,0.697269876,0.861712854,0.813774149,0.891208687,0.951014449,0.13889754,-4.4375,-0.437503815,-26.85000229,-17.76875305,-22.41250229,-17.33124924,57.10000038,76.33124924,,35.41076487,0.031771964,,,,,,,,,
848629140,H19.06.352.99.02.03.01.02,H19.06.352.99.02.03.01,H19.06.352.99,H19.06.352,MTG,TemL,culture,culture_immune,,Inh L1-3 SST CALB1,,,,,,,,,,,,2.209535026,-36.38750458,0.00056,0.00048,371.8229336,-168.2810769,-1.103023802,-18.90625,74.34375763,,,,,,,,,,,,,,,,,,,,,,,,,,,,,,,,,,,,,,,,,,,,,,,,,,,,,,,,,,,,,,,,,,,,,,,,,
847946572,H19.06.352.99.01.05.01.10,H19.06.352.99.01.05.01,H19.06.352.99,H19.06.352,MTG,TemL,culture,culture,,Inh L1-3 SST CALB1,,,,,,,,,,,,,,,,,,,,,,,,,,,,,,,,,,,,,,,,,,,,,,,,,,,,,,,,,,,,,,,,,,,,,,,,,,,,,,,,,,,,,,,,,,,,,
873817757,H19.06.355.99.02.04.01.04,H19.06.355.99.02.04.01,H19.06.355.99,H19.06.355,FroL,FroL,culture,culture,,Inh L1-3 SST CALB1,3.35765374,-30.24583499,0.000933333,0.000766667,276.5986217,-82.41113211,-0.815533049,37.08333333,-22.51458422,-19.86249733,66.12291654,3.475622684,-33.44374847,0.00082,0.0007,321.5622294,-92.51931483,-0.174423363,-18.73750305,69.14374924,-64.79729891,29.99999809,0.449999986,0.386188537,0.04444,2.130233125,-100.0187454,284.065932,0.021051236,0.15334,1,,3.326520701,-30.93125153,0.00092,0.00076,283.3739127,-85.18627666,-1.106071572,-51.25625229,,0.007210969,26,0.02528,0.0384296,0.03932,0.08019738,0.000657191,3.490994789,-33.92499924,0.00082,0.00072,328.6115443,-94.13120446,0.196587825,0.198577958,0.171049476,0.37562,0,0.009505528,0.065036534,0.000889212,0.014984452,0.107342342,0.001175788,1.259308511,1.255813953,0.575995632,0.749915825,0.776180066,0.852311153,0.942835535,0.141193595,-2.831249237,-0.21875,-23.15625,-16.66875458,-20.32500076,-16.45000458,67.3187561,71.86875153,,35.97122302,0.090206416,,,,,,,,,
886367811,H19.06.356.99.03.01.01.01,H19.06.356.99.03.01.01,H19.06.356.99,H19.06.356,TemL,TemL,culture,culture_immune,,Inh L1-3 SST CALB1,2.01854747,-35.88749981,0.00061,0.000525,279.3361969,-138.3669473,0.196543665,98.40625,-17.79531479,-15.35937691,63.56562614,2.02801075,-40.06625214,0.000528,0.000468,347.6529109,-171.421194,0.180130056,-13.7875,72.29125328,-57.88468484,43.99999619,0.14925522,0.386583894,0.03602,0.696740391,-72.59999847,70.79549134,0.015067992,0.11714,1,,2.074339535,-37.25,0.00056,0.0005,324.1122515,-156.2484087,0.099653096,-52.04375458,-52.06875229,,1,0.06778,,,,,2.042661953,-38.03750229,0.00056,0.00048,323.2861686,-158.2670927,0.492073989,,0.395420134,0.0995,0.8026575,0.073694977,0.197975322,0.009893732,0.151467613,0.365153052,0.024956978,2.503372164,1.071428571,0.837357532,0.919629958,0.924611628,0.950132582,0.968008614,0.084578333,-2.081249237,-0.231250763,-16.87500381,-14.85000229,-14.79375458,-14.61875153,69.71875,68.90000343,,,0.054968492,,,,,,,,,
941707648,H19.06.361.11.51.02,H19.06.361.11.51,H19.06.361.11,H19.06.361,TemL,TemL,culture,culture_immune,,Inh L1-3 SST CALB1,1.95785222,-42.56500092,0.000652,0.000588,291.3965885,-148.825747,0.732649928,38.95,-11.90500183,-11.02875137,80.95750275,1.929533824,-43.00624847,0.00062,0.00054,295.0279978,-152.9011796,1.120610965,-10.14375305,79.625,-65.15620193,28,0.3928967,0.420775801,0.0487,1.414242031,-89.38749695,211.3749683,0.021481409,0.12338,1,,1.956959535,-43.88125229,0.00062,0.00058,298.3485064,-152.4551229,1.005149829,-53.17500305,-46.76250458,0.078486925,18,0.02898,0.052156471,0.05412,0.524648285,0.013512246,1.974082675,-42.84999847,0.00062,0.00056,293.1497039,-148.499203,1.931135926,0.020273248,0.467208982,0.16432,1.739974688,0.10353113,0.405381266,0.023196709,0.189750837,0.687973471,0.048365504,6.73286052,1.225806452,0.665688982,0.771178749,0.821240853,0.884254657,0.960418414,0.009203427,-4.78125,-0.050006866,-14.07500076,-9.568756104,-9.293750763,-9.518749237,82.76250076,79.80624771,,139.275766,0.040166404,1.667488337,7.0861678,35.90325019,0.431424677,0.258727252,39.68253968,-1.156670213,0.001234222,0.316162375
893714311,H19.03.314.1A.01.07,H19.03.314.1A.01,H19.03.314.1A,H19.03.314,MTG,TemL,culture,culture_immune,MC,Inh L1-3 SST CALB1,2.633973447,-23.06666819,0.0007,0.000573333,375.1680576,-142.4381276,-0.547754867,67.45833333,-24.24166616,-23.76249949,74.84791819,2.635875426,-27.03958448,0.000646667,0.000546667,416.1396768,-157.8827852,-0.127883605,-23.52916908,77.82083575,-59.46633326,50,0.335,0.520933568,0.03592,1.447654375,-86.21875,233.2227379,0.018014464,0.07848,1,,2.705257886,-26.33750153,0.00066,0.00056,407.986492,-150.8124213,0.339742108,-49.25624847,-48,0.04022824,14,0.02562,0.070463077,0.0732,0.201531975,0.007958426,2.715725747,-26.96249962,0.00064,0.00056,417.7746488,-153.8353603,0.885272648,0.025866276,0.470128506,0.07614,1.189708828,0.057761212,0.240145445,0.012176937,0.107131327,0.321597589,0.024229438,2.763335584,1.090909091,0.717981372,0.885413074,0.9004585,0.776696724,0.927166725,0.01134044,-0.3125,-0.268749237,-23.23124695,-22.55625343,-22.91874695,-22.2875042,77.9437561,78.45000267,,32.53090436,0.027280177,,,,,,,,,
853693147,H19.28.010.11.05.01,,H19.28.010.11,H19.28.010,SFG,FroL,acute,acute_immune,,Inh L1-3 SST CALB1,,,,,,,,,,,,,,,,,,,,,,,,,,,,,,,,,,,,,,,,,,,,,,,,,,,,,,,,,,,,,,,,,,,,,,,,,,,,,,,,,,,,,,,,,,,,,
1001424628,H20.03.301.11.52.01.01,H20.03.301.11.52.01,H20.03.301.11,H20.03.301,MTG,TemL,culture,culture_immune,,Inh L1-3 SST CALB1,2.270154272,-37.46875,0.000843333,0.00073,173.9505537,-76.9662759,-0.708830552,52.41666667,-17.15937805,-11.85417048,45.2875002,2.309592524,-36.59062386,0.00081,0.00065,198.8022118,-86.04499794,-0.273233773,-16.49375343,45.27812367,,,,,,,,,,,,,,,,,,,,,,,,,,,,,,,,,,,,,,,,,,,,,,,,,,,,,,,,,,,,,,,,,1.817694664,4.451326495,9.602861653,0.334286064,0.183906615,3.401013502,-0.209997788,0.168684557,0.00959733
1001482602,H20.03.301.11.52.01.05,H20.03.301.11.52.01,H20.03.301.11,H20.03.301,MTG,TemL,culture,culture,,Inh L1-3 SST CALB1,3.56140606,-35.4312528,0.0009,0.000793333,291.1121815,-81.67968849,-1.183784275,26.5,-18.4145813,-14.92500051,61.26250394,2.969528666,-35.42499924,0.00088,0.00072,270.9277391,-91.23593996,-1.420258165,-20.73125076,56.84375,-64.98339229,26,0.669999989,0.144244179,0.05988,1.052145469,-99.93750763,327.5839984,0.015459557,0.4096,1,,2.92798424,-34.91875076,0.00102,0.00086,216.1771471,-73.83139027,-1.039933674,-50.28125381,,-0.010705603,21,0.0357,0.047723,0.0454,0.15373733,0.002106118,2.66490845,-34.14374924,0.00094,0.00078,218.6292081,-82.04004461,-0.623692576,0.160047188,0.355678797,0.20086,1.921219531,0.030243476,0.111688988,0.005326499,0.103529886,0.233273756,0.01300388,1.867570687,1.04,0.878913864,0.905515606,0.961023487,0.955539538,0.916930993,0.128765642,-5.168750763,-1.199996948,-20.53125381,-20.86875153,-15.36250305,-19.66875458,55.52499962,52.23750114,,13.05142261,0.183859373,1.001274467,0.400119236,3.751117833,0.569994688,0.56926918,0.400119236,0.004813358,0.004813358,0.00024074
1002482616,H20.03.302.11.51.01.02,H20.03.302.11.51.01,H20.03.302.11,H20.03.302,MTG,TemL,culture,culture,,Inh L1-3 SST CALB1,2.191332914,-25.78541819,0.000766667,0.000653333,255.6147425,-116.6659756,-0.166741852,41,-23.30833181,-19.99791845,62.73125076,2.230995621,-31.18125153,0.00072,0.00062,295.6081171,-132.5005366,-0.243687197,-16.93124771,67.2562561,,,,,,,,,,,,,,,,,,,,,,,,,,,,,,,,,,,,,,,,,,,,,,,,,,,,,,,,,,,,,,,,,1.391293526,2.850849553,5.551654393,0.564798951,0.405952394,1.400417324,-0.312380791,0.094500989,0.003134473
1002962250,H20.03.302.11.52.01.07,H20.03.302.11.52.01,H20.03.302.11,H20.03.302,MTG,TemL,culture,culture,,Inh L1-3 SST CALB1,2.330982564,-36.17500305,0.000826667,0.000673333,205.0620949,-88.05456088,-0.672030064,41,-21.42291641,-17.27291489,49.4770867,2.197810626,-39.06875229,0.00076,0.00064,238.4646326,-108.5009917,-0.269619073,-19.39999771,53.66875267,-65.6186716,29.99999809,0.546422033,0.455465406,0.03314,1.211926172,-90.63749695,218.5312957,0.013998455,0.26348,1,,2.272681735,-38.35000229,0.0008,0.00068,210.0165526,-92.40913468,-0.612685524,-54.28750229,,0.005794057,22,0.02758,0.044829524,0.04558,0.068370844,0.000500676,2.279782798,-39.59999847,0.00076,0.00064,223.2550181,-97.92819661,-0.266043878,0.119698771,0.372546554,0.158,1.190144531,0.018058468,0.105458278,0.001958927,0.047736788,0.182407277,0.010355305,1.330033506,1.023809524,0.940089352,0.995876249,1.062500014,0.961358456,0.999768959,0.121791541,-5.562496185,-0.400005341,-21.49999619,-16.58750534,-15.9375,-16.1875,51.36250305,51.20624828,,24.98750625,0.032022109,1.410924673,3.15093898,7.152131335,0.39142248,0.277422667,1.700506751,-0.290592283,0.132456645,0.004074671
1003259854,H20.03.302.11.54.01.01,H20.03.302.11.54.01,H20.03.302.11,H20.03.302,MTG,TemL,culture,culture,,Inh L1-3 SST CALB1,2.015650873,-34.83750025,0.000726667,0.000593333,231.0295387,-114.4847236,0.784117007,56.08333333,-19.38125229,-18.63125102,58.03958511,2.175118173,-44.73750305,0.00062,0.00054,317.1564761,-145.8111472,0.037467434,-13.93125153,70.38750267,-65.06240531,40,0.341780821,0.404576868,0.04346,1.349628125,-90.30000305,202.9686272,0.01908734,0.18024,1,,2.208372698,-36.32500458,0.00068,0.00058,267.866149,-121.2957167,-0.00262542,-53.53125,-52.96875,0.030005796,17,0.03264,0.05971625,0.06015,0.321402632,0.003633012,2.296907083,-37.57500458,0.00066,0.00056,289.1817825,-125.9005141,0.740708043,0.028586415,0.252953231,0.27498,1.453641875,0.074855008,0.323168242,0.018695268,0.133801827,0.554877201,0.048430973,1.651021535,1.088235294,0.720746807,0.855924122,0.773283291,0.920183881,0.945747945,0.104366347,-2.643749237,-0.143745422,-19.84999466,-17.66874313,-17.20624542,-17.52499771,62.08125496,63.65625572,,32.34152652,0.056336135,1.008702755,0.950283184,7.052101526,0.282329947,0.279894084,0.400119236,-0.119559027,-0.032202538,0
1003299699,H20.03.302.11.54.01.04,H20.03.302.11.54.01,H20.03.302.11,H20.03.302,MTG,TemL,culture,culture,,Inh L1-3 SST CALB1,2.302615306,-29.93333499,0.0007,0.00058,274.278721,-119.1159158,0.197770892,111.7916667,-22.81874911,-19.18750191,62.59375191,2.376660071,-36.38750458,0.00062,0.00054,329.2599863,-138.5389481,-0.145770737,-16.90625,70.36250687,,,,,,,,,,,,,,,,,,,,,,,,,,,,,,,,,,,,,,,,,,,,,,,,,,,,,,,,,,,,,,,,,1.302560687,3.551058215,8.652578468,0.206369758,0.158433884,1.700506751,-0.26975885,0.125388384,0.003851986
1005683610,H20.03.303.11.52.01.04,H20.03.303.11.52.01,H20.03.303.11,H20.03.303,MTG,TemL,culture,culture,,Inh L1-3 SST CALB1,2.705777607,-29.24583371,0.000813333,0.00064,305.2666461,-112.8249215,-0.592055608,125.7916692,-28.26875242,-27.54166857,64.86249987,2.515997156,-33.63750076,0.0007,0.00056,346.3135624,-137.6446558,-0.054100176,-24.41875076,67.55625534,-65.1431927,56,0.141171354,0.352707118,0.04276,0.942471016,-87.57500458,191.6561872,0.014690861,0.08986,1,,2.303369423,-33.61874771,0.00086,0.0007,240.3601182,-104.3515277,-0.256562133,-56.99374771,-56.76875305,,2,0.02462,0.0438,0.0438,0,,2.216726125,-33.93750381,0.00082,0.00068,237.9478147,-107.3419996,-0.996492357,0.061587591,0.382912308,0.07028,0.717628516,0.262965328,0.315502425,0.150188111,0.612824293,1.065075217,0.392077063,5.440967283,1.27027027,0.656414602,0.797709576,0.889776076,0.758826809,1.019911135,0.012212748,-0.700000763,-0.3125,-24.07500076,-20.55624771,-23.375,-20.24374771,56.94999886,55.86875534,,22.83105023,0.067752544,1.554363966,3.851147642,9.652876557,0.22573249,0.145224988,2.500745222,-0.233555496,0.209963217,0.006838981
894528079,H19.03.314.1A.03.07,H19.03.314.1A.03,H19.03.314.1A,H19.03.314,MTG,TemL,culture,culture_immune,MC,Inh L1-3 SST CALB1,2.992534208,-32.71666718,0.0007,0.0006,408.0930361,-136.4098886,0.934839905,23.7083327,-18.43125025,-18.31666692,82.38333511,2.96378699,-35.43125153,0.00066,0.00058,431.9298042,-145.7357785,1.265563359,-18.01875305,85.40625,-60.31536942,29.99999809,0.514018672,0.509011567,0.0452,1.748430469,-94.41874695,296.8750298,0.027874115,0.07366,7,0.127973333,3.008596099,-33.20000458,0.00068,0.0006,424.9879782,-141.2579037,1.591438093,-48.83124924,-46.71249771,0.011007248,33,0.02214,0.029985625,0.03149,0.168366992,0.000951939,2.933694673,-33.86874771,0.00068,0.00058,418.2740965,-142.5758789,1.926111977,0.064935065,0.444986016,0.15568,1.769082969,0.031831778,0.199718133,0.003251434,0.089016761,0.288845497,0.010002932,1.927410314,1.117647059,0.762782825,0.876593038,0.890542299,0.898719744,0.943230932,0.011691884,-0.081249237,-0.087501526,-18.95624542,-17.75000381,-18.87499619,-17.66250229,84.01875687,83.13750076,14.01738155,61.1995104,0.025421426,,,,,,,,,
1037441788,H20.03.305.11.52.01.01,H20.03.305.11.52.01,H20.03.305.11,H20.03.305,MTG,TemL,culture,culture,,Inh L1-3 SST CALB1,2.017752447,-11.4881951,0.000866667,0.000635556,234.8242008,-116.1317783,0.077062951,241.1388906,-33.39791796,-33.1590289,63.81944603,2.375835796,-17.82500076,0.00074,0.00054,336.7210051,-141.7273895,-1.339327258,-43.03125381,67.75000381,-69.8718143,100,0.049999996,0.45193851,0.06856,1.981770938,-93.90625,235.1911217,0.026792109,0.32958,3,0.22227,2.418361335,-21.36250114,0.00082,0.00062,306.446958,-126.7167786,-0.101132586,-52.05000305,,,2,0.292,0.14028,0.14028,0,,2.423587521,-19.73750114,0.0008,0.00062,306.9611124,-126.6556746,-0.014008641,0.018668947,0.029428316,0.65686,0,0.222704072,0.274628822,0.064803421,0.305987221,0.564333343,0.112286655,1.694359934,1.35,0.471154417,0.659428889,0.733796292,0.708559352,0.888159457,0.020252914,-0.400001526,-0.237503052,-33.71250343,-33.25625038,-33.31250191,-33.01874733,71.55624962,70.3812542,5.631899076,7.128599943,0.077180258,,,,,,,,,
1037485766,H20.03.305.11.53.01.05,H20.03.305.11.53.01,H20.03.305.11,H20.03.305,MTG,TemL,culture,culture_immune,,Inh L1-3 SST CALB1,1.929241563,-32.54374949,0.00066,0.00056,247.4776534,-128.0548532,-0.887753514,134.1666667,-19.28958511,-17.00833639,58.86250114,1.834478382,-37.34999847,0.00062,0.00054,242.6662612,-132.2807963,-0.856182497,-16.83750534,54.85624886,-65.07605362,110,0.275,0.464585245,0.02998,0.809649141,-80.84375763,136.5938187,0.010829913,0.05512,1,,1.964784548,-35.38124847,0.00066,0.00054,253.2099685,-128.8741652,-0.61806287,-50.86250305,-51.26250076,0.099848005,9,0.02538,0.112265,0.13043,0.406841893,0.022760741,1.935659979,-36.08124924,0.00064,0.00054,245.0555691,-126.6005248,0.563105792,0.083179821,0.51273185,0.05682,1.529625938,0.070752342,0.230636462,0.014178007,0.099848005,0.406841893,0.022760741,3.507620164,1.125,0.734394642,0.821641905,0.901818293,0.897280462,0.930177884,0.083179821,-1.693748474,-0.124996185,-17.17500305,-14.61875153,-15.48125458,-14.49375534,60.19374847,56.70624924,,29.342723,0.044390994,1.48201251,3.951177451,12.50372611,0.176428884,0.119046822,2.900864458,-0.134985507,0.17859371,0.005890156
1067582692,H20.03.310.11.53.01.01,H20.03.310.11.53.01,H20.03.310.11,H20.03.310,CgGr,LimL,culture,culture,,Inh L1-3 SST CALB1,1.803084368,-26.53125064,0.0007,0.000525,269.271742,-149.357354,-0.110111946,115.4583333,-33.77083651,-33.29166857,61.14583651,1.926548236,-26.34375191,0.00068,0.00051,294.1259589,-152.6699168,-0.960260244,-34.34375191,60.28125572,-60.02372055,100,0.105000001,0.4907386,0.035825,0.7761775,-76.93750763,150.1562148,0.014574532,0.04221,1,,1.872293364,-28.03125,0.000665,0.000515,297.1938094,-158.7325016,-0.449859521,-60.75000381,,0.322106648,4,0.0234,0.320375,0.36278,0.657188048,0.385754344,1.911396845,-28.93750191,0.00066,0.000515,301.69477,-157.8399435,0.728542061,0.005650418,0.312384337,0.054245,0.850101406,0.1948039,0.778255482,0.279509844,0.322106648,0.899322916,0.385754344,11.1722488,1.082706767,0.73498943,0.881698477,0.86281277,0.839400494,0.962025319,0.02088111,-0.46875,-0.25,-33.18750381,-30.93750191,-32.71875381,-30.68750191,64.5625,65.15625191,,22.76089678,0.024617896,1.845708013,5.201589085,10.75328513,0.201546669,0.109197482,3.901191814,-0.214019313,0.157953858,0.007813067
1002995498,H20.26.401.12.61.01.04,H20.26.401.12.61.01,H20.26.401.12,H20.26.401,TemL,TemL,culture,culture,,Inh L1-3 SST CALB1,1.436204146,-23.86666679,0.000893333,0.0007,113.2613207,-78.63285365,-0.100484417,163.4999949,-18.96875064,-16.49583371,43.22916667,1.912472466,-37.49375153,0.0006,0.00054,261.5543075,-136.7623912,-0.649478771,-10.70625305,65.51250267,-65.30882668,70,0.123939325,0.431251317,0.04256,1.082301953,-82.8187561,156.3125253,0.014021571,0.07268,1,,2.106104415,-35.24375153,0.00066,0.00056,249.3899106,-118.41289,-0.174942555,-48.30000305,-48.33125305,0.396078431,3,0.02748,0.05355,0.05355,0.396078431,0.156878124,2.075210569,-37.44374847,0.00062,0.00054,267.4444473,-128.875812,-0.111172029,0.032896496,0.386432856,0.10936,1.287734141,0.223100188,0.55483637,0.122903529,0.540489642,1.380047279,0.292129053,3.547563805,1.344827586,0.61446227,0.667525845,0.837749684,0.798687892,0.878477249,0.211388165,-3.162498474,-0.218753815,-16.21875,-12.07500458,-13.05625153,-11.85625076,61.76875114,63.98125076,,30.92145949,0.073055035,1.188755751,2.850849553,11.10330879,0.182962075,0.153910577,1.550462038,-0.150428548,0.116755657,0.003322405
1025615047,H20.26.402.11.56.01.04,H20.26.402.11.56.01,H20.26.402.11,H20.26.402,FroL,FroL,culture,culture,,Inh L1-3 SST CALB1,2.134250365,-35.92708333,0.000553333,0.00044,398.2396713,-186.5868573,-0.131296032,13.66666667,-26.26666896,-25.72917048,71.01875178,2.132651924,-33.46875381,0.00054,0.00044,404.1176843,-189.4906899,0.129979286,-28.74999619,69.70000839,,,,,,,,,,,,,,,,,,,,,,,,,,,,,,,,,,,,,,,,,,,,,,,,,,,,,,,,,,,,,,,,,1.162626863,2.500745222,7.65228038,0.607622385,0.522628903,0.750223567,-0.226283357,0.034439299,0.000890984
1059677200,H20.26.408.11.53.01.01,H20.26.408.11.53.01,H20.26.408.11,H20.26.408,MTG,TemL,culture,culture,,Inh L1-3 SST CALB1,3.418907711,-43.07291921,0.001678333,0.001505,179.857333,-52.61481383,-0.053091721,17.83333333,-12.15625,-11.86458333,82.18750509,3.696611978,-44.06250381,0.00157,0.001405,212.509657,-57.48768284,0.715975299,-12.53125,85.62500381,-67.96094208,10,0.488789238,0.478190035,0.100905,5.203206562,-101.5625076,533.0727696,0.042959422,0.250345,2,0.48521,3.868509036,-40.46875381,0.00165,0.001465,204.5530031,-52.87644445,-0.444194028,-52.90625381,-52.75000381,0.01351303,30,0.024125,0.032975172,0.03448,0.161011387,0.002354579,3.571045747,-44.34375,0.0016,0.001465,198.253612,-55.51696227,-0.78076329,0.203560149,0.155672744,0.417085,0,0.075348669,0.195875852,0.033756501,0.228129609,0.486261958,0.127061171,1.595805382,1.130434783,0.744947726,0.856252559,0.876008804,0.921732437,0.959530792,0.044505987,-1.0625,-0.40625,-14.21875,-10.0625,-13.15625,-9.65625,82.93750763,85.03125,2.060963294,61.3308801,0.149517219,,,,,,,,,
1060169142,H20.26.409.11.57.01.06,H20.26.409.11.57.01,H20.26.409.11,H20.26.409,ParL,ParL,culture,culture,,Inh L1-3 SST CALB1,1.717435673,-39.76041921,0.000613333,0.000496667,208.3097621,-121.317932,-0.755162289,23.04166667,-19.85416794,-16.61458333,48.97916921,1.713800308,-40.46875381,0.0006,0.000485,215.1798526,-125.5571326,-0.287100194,-16.5,49.56250381,-61.85358661,10,0.687044229,0.535548031,0.02933,1.134160547,-91.0625,237.3438179,0.016366978,0.18112,1,,1.69296762,-37.75000381,0.000605,0.00049,220.5810049,-130.2925126,-0.639393886,-55.40625381,,0.005095956,37,0.015785,0.027204861,0.0273125,0.109976227,0.000481194,1.726673337,-40.96875381,0.000575,0.00049,234.910816,-136.0482095,0.613288505,0.065253952,0.410392672,0.15522,0,0.069649413,0.170384075,0.017985144,0.373398477,0.373398477,0.139426423,1.300538009,1.058823529,0.859835589,0.954311084,0.94382031,0.94258364,0.98560737,0.118108926,-4.9375,-0.25,-22.59375,-14.28125,-17.65625,-14.03125,52.06250477,54.25000381,,48.0653689,0.018789859,,36.25337816,39.54913981,3.627902508,,39.54913981,0.143437117,-0.272826195,0.287548565
1069242387,H20.26.411.11.51.01.02,H20.26.411.11.51.01,H20.26.411.11,H20.26.411,SFG,FroL,culture,culture_immune,MC,Inh L1-3 SST CALB1,2.496713338,-38.47917048,0.000605,0.000515,423.1854543,-169.5051238,-0.624240705,21.125,-20.18749746,-18.81249873,88.11458715,2.632296123,-39.5,0.00059,0.0005,442.0530807,-167.934404,-0.386941707,-19.28125,87.78125381,-65.00304156,20,0.807142851,0.395229757,0.046855,2.350425781,-99.46875,401.7525315,0.01639916,0.16922,2,0.251985,2.564797568,-38.15625381,0.000625,0.00053,407.6762503,-158.9506538,-1.05535687,-56.84375381,-57.84375381,0.008986942,42,0.011395,0.023977073,0.02437,0.149847944,0.000882167,2.571390381,-40.03125,0.000555,0.00048,463.2330312,-180.1488544,0.39496266,0.072004966,0.309817046,0.15102,1.145153125,0.077206429,0.204605668,0.01573151,0.262475132,0.547592553,0.068893195,1.505571537,1.086956522,0.804166168,0.908588067,0.915563964,0.929936403,0.986928039,0.021105572,-0.875,-0.34375,-19.78125,-17.84375381,-18.90625,-17.50000381,86.15625381,88.87500381,3.968490188,63.69426752,0.117140484,,,,,,,,,
819891764,H19.03.004.99.01.04.02.02,H19.03.004.99.01.04.02,H19.03.004.99,H19.03.004,TemL,TemL,culture,culture_immune,SMC,Inh L1-3 SST CALB1,3.143729989,-40.32916514,0.000633333,0.00058,436.2018691,-138.752638,0.465070581,31.74999936,-14.56458791,-11.47500229,82.7895813,3.103789619,-40.38124847,0.00064,0.00058,432.3741162,-139.3052266,0.261163171,-11.51250458,82.25624847,-64.90984486,29.99999809,0.39499999,0.318321496,0.0588,1.433735,-95.92500305,257.2266161,0.024407242,0.0766,2,0.03206,3.167208925,-40.39374924,0.00064,0.0006,431.7612124,-136.3223023,0.896828786,-49.84375,,0.050069491,19,0.02658,0.051117778,0.05931,0.385917709,0.009528763,3.186509528,-40.03125,0.00062,0.00058,432.6767877,-135.7839303,1.426568007,0.17961899,0.47515291,0.16726,0,0.064974874,0.308832956,0.0113915,0.11130828,0.506901257,0.021520209,4.314456036,1.0625,0.80993113,0.897493004,0.941988076,0.9097071,0.97888443,0.222014344,-0.112495422,-0.074996948,-10.53749847,-10.71250153,-10.42500305,-10.63750458,82.63125229,81.84999847,31.19151591,84.03361345,0.079478583,,,,,,,,,
941862585,H19.06.361.11.52.07,H19.06.361.11.52,H19.06.361.11,H19.06.361,TemL,TemL,culture,culture_immune,SMC,Inh L1-3 SST CALB1,3.108468281,-33.17083232,0.00088,0.000773333,298.6815832,-96.08537029,-1.136250546,35.70833333,-17.88750458,-15.59375254,75.86041768,2.903956246,-34.58125305,0.00084,0.00074,306.4776331,-105.5379652,-0.448641553,-17.29999542,76.43750381,-60.25889789,26,0.116113742,0.357778937,0.08038,2.837437813,-94.47499847,280.5313766,0.034704135,0.24422,1,,3.1845763,-34.18124771,0.0009,0.0008,295.2166417,-92.70201555,-0.782070421,-48.44374847,-48.84375381,0.315806742,6,0.0309,0.18762,0.07092,1.378159404,0.175635104,3.059338982,-35.66249847,0.00086,0.00076,303.8192656,-99.30879426,-0.370400891,0.006226013,0.238732681,0.27196,0,0.257706048,0.829487671,0.132838838,0.410773333,1.378159404,0.214449464,2.619314642,1.093023256,0.797370621,0.893242732,0.964641851,0.810900862,0.940861559,0.006226013,-2.775001526,-0.224994659,-17.03750229,-14.76250076,-14.26250076,-14.5375061,74.64374924,77.02500153,,31.19151591,0.159172705,1.005178928,0.950283184,4.05120726,0.410602927,0.408487409,0.400119236,-0.166034341,-0.004676781,0
1069000230,H20.26.412.11.51.01.03,H20.26.412.11.51.01,H20.26.412.11,H20.26.412,AOrG,FroL,culture,culture,,Inh L1-3 SST CALB1,1.555026583,-25.5520846,0.000651667,0.000431667,187.1855155,-120.3741946,-0.222855095,157.4166667,-29.37500254,-28.9375,39.51041857,1.871933479,-31.15625191,0.000525,0.000385,259.0881737,-138.4067204,-1.125626856,-23.71874809,45.03125286,-65.88799604,59.99999619,0.098967679,0.225404218,0.042945,1.175079687,-93.56250763,216.0156667,0.016903333,0.036995,1,,1.721944724,-27.84375191,0.000545,0.000385,259.4831436,-150.6919125,-1.25848551,-57.03125,,,1,0.023085,,,,,1.726182941,-27.40625191,0.000555,0.000395,235.1695273,-136.2367346,0.000763143,,0.33848688,0.04387,0.530476992,0.012589868,0.505876278,0.063447241,0.012589868,0.505876278,0.063447241,0.367371058,1.102803738,0.900905443,0.953743837,1.017175571,0.912621299,1.020059069,0.020332221,-1.34375,-0.343746185,-30.53124809,-26.59374809,-29.18749809,-26.25000191,47.12500381,43.65625381,,,0.154097822,,,,,,,,,
1061696800,H20.26.409.11.59.01.02,H20.26.409.11.59.01,H20.26.409.11,H20.26.409,ParL,ParL,culture,culture_immune,SMC,Inh L1-3 SST CALB1,2.649849559,-37.91666921,0.000796667,0.000686667,226.4165246,-85.44861031,-0.661729758,24.83333333,-17.7395846,-13.26562627,55.13021151,2.671161705,-37.859375,0.00078,0.00068,230.4258598,-86.26428694,-0.898605265,-13.09375381,55.67187691,-65.20887052,16,0.372899159,0.210902095,0.105715,1.818445469,-99.10938263,313.4332299,0.036303772,0.42763,1,,2.665283316,-37.546875,0.00075,0.000655,252.1801099,-94.61662421,-1.285912314,-50.921875,,0.063396526,17,0.027585,0.056961563,0.0632275,0.344349292,0.013766814,2.746398319,-38.375,0.000715,0.000655,253.0136203,-92.12560995,-0.427706517,0.156225831,0.155919671,0.31404,0,0.073836238,0.356422683,0.021265663,0.11866451,0.399961079,0.043735643,6.112624886,1.11971831,0.80595301,0.91378959,0.910394273,0.905972568,1.008538588,0.146845248,-7.03125,-0.203125,-20.40625,-8.312503815,-13.375,-8.109378815,59.640625,59.34375,,90.17132552,0.146195393,,,,,,,,,
1079568285,H21.03.302.11.51.01.02,H21.03.302.11.51.01,H21.03.302.11,H21.03.302,MTG,TemL,culture,culture,SMC,Inh L1-3 SST CALB1,2.208990994,-29.6770846,0.000866667,0.0007,206.595149,-93.53488219,-0.799329127,107.0416667,-22.3333346,-20.71875,63.97916794,2.471446383,-36.53125,0.00078,0.00068,237.7268006,-96.18934172,-0.323382219,-13.78125381,68.53125,-63.84236399,70,0.095,0.281600952,0.0957,1.722635625,-88.84375763,214.3672854,0.033621315,0.1293,1,,2.426299179,-34,0.00083,0.0007,228.8682023,-94.3281044,-0.458724903,-51.09375381,,0.423995776,3,0.04642,0.113645,0.113645,0.423995776,0.179772418,2.533059635,-33.96875,0.000805,0.00069,235.3310783,-92.90388392,-0.214249965,0.026041828,0.393097609,0.242375,1.507497187,0.323319203,0.392649108,0.120470368,0.423995776,0.753951549,0.179772418,3.356338718,1.159235669,0.770741135,0.892080276,0.955195541,0.823117303,1.0044275,0.012804713,-0.96875,-0.374996185,-18.06250381,-15.875,-17.09375381,-15.50000381,67.5625,66.375,,15.27650474,0.147155817,1.061521411,5.141436237,39.72928001,0.288876504,0.272134423,37.85966683,-0.136455297,-0.010696511,0.01365648
1086233130,H21.03.304.11.51.01.03,H21.03.304.11.51.01,H21.03.304.11,H21.03.304,ITG,TemL,culture,culture,,Inh L1-3 SST CALB1,2.077705692,-29.79166794,0.000891667,0.000706667,187.0473929,-89.9853992,-0.636079694,26.625,-24.38541794,-20.98958333,56.56250191,2.774995744,-35.34375,0.00074,0.00061,324.240542,-116.8436177,-1.022927379,-20.12500381,70.87500381,,,,,,,,,,,,,,,,,,,,,,,,,,,,,,,,,,,,,,,,,,,,,,,,,,,,,,,,,,,,,,,,,,,,,,,,,
1086237060,H21.03.304.11.51.01.04,H21.03.304.11.51.01,H21.03.304.11,H21.03.304,ITG,TemL,culture,culture,,Inh L1-3 SST CALB1,3.432097595,-36.10416794,0.00102,0.000883333,280.665948,-81.77962756,-1.127718352,15.95833333,-19.85416794,-15.7708346,74.88541921,3.534072101,-37.3125,0.00098,0.000855,309.5176413,-87.58102055,-1.853312703,-15.75000381,77.31250381,-59.97090266,16,0.454545455,0.515110254,0.04034,2.49553875,-95.71875763,302.0312488,0.022293567,0.109445,1,,3.521800225,-36.65625381,0.000975,0.00085,303.1508771,-86.07838541,-1.324719644,-52.03125381,,0.015580975,25,0.01454,0.040661458,0.04165,0.147878182,0.001498264,3.687182758,-38.56250381,0.000955,0.00087,317.3610043,-86.07140603,-0.602216188,0.25924781,0.571026266,0.1627,1.264030781,0.016888816,0.151632536,0.001350974,0.025427546,0.177425841,0.001705398,1.493113323,1.17989418,0.561568247,0.762295346,0.788388176,0.863036304,0.953416153,0.183109356,-3.968746185,-1.03125,-19.34374619,-11.46875,-15.375,-10.4375,77.28125763,78.96875763,,42.23864836,0.040194945,,,,,,,,,
