gene,wilcox_pval_culture,wilcox_bonferroni_pval_culture,log2FC_culture_microglial_vs_not,fraction_expressed_culture_microglial,fraction_expressed_culture,wilcox_pval_acute,wilcox_bonferroni_pval_acute,log2FC_acute_microglial_vs_not,fraction_expressed_acute_microglial,fraction_expressed_acute,used_for_defining_microglial_signature,commom_acute_and_culture_microglial_gene
C1QC,8.40E-81,4.22E-76,6.95532898,0.994,0.177,4.26E-27,2.14E-22,3.457030693,0.927,0.463,TRUE,TRUE
SYNGR2,9.05E-80,4.55E-75,6.097444966,0.989,0.167,2.05E-17,1.03E-12,1.230347312,0.718,0.223,TRUE,TRUE
SRGN,2.15E-79,1.08E-74,7.966812693,0.994,0.24,2.94E-32,1.48E-27,3.343061968,1,0.553,TRUE,TRUE
CD53,2.78E-79,1.40E-74,6.328163899,0.966,0.122,3.94E-28,1.98E-23,3.315384874,0.863,0.293,TRUE,TRUE
CLEC7A,3.46E-79,1.74E-74,6.638435969,0.933,0.056,2.41E-23,1.21E-18,2.648698223,0.806,0.255,FALSE,TRUE
CCRL2,1.58E-78,7.95E-74,8.117678735,0.91,0.038,5.38E-17,2.70E-12,3.178213759,0.508,0.085,TRUE,TRUE
LILRB4,1.72E-78,8.67E-74,7.575979366,0.989,0.222,1.10E-28,5.55E-24,2.863838224,0.895,0.33,TRUE,TRUE
CCL3,2.87E-78,1.44E-73,8.010582983,0.989,0.194,5.65E-26,2.84E-21,2.359696706,0.992,0.787,TRUE,TRUE
MS4A7,9.51E-78,4.78E-73,6.440728521,0.989,0.229,1.41E-31,7.11E-27,3.412822124,0.879,0.239,TRUE,TRUE
OLR1,1.52E-77,7.66E-73,7.678364703,0.949,0.118,3.51E-26,1.77E-21,3.514270622,0.944,0.468,TRUE,TRUE
CXCL8,2.32E-77,1.17E-72,8.577973971,0.983,0.184,7.92E-20,3.98E-15,2.248015865,0.863,0.452,TRUE,TRUE
CXCL16,2.70E-77,1.36E-72,5.913153573,1,0.257,3.73E-25,1.87E-20,2.487208508,0.863,0.34,TRUE,TRUE
CYBA,1.95E-76,9.82E-72,6.206004399,0.994,0.264,3.66E-26,1.84E-21,1.823954886,0.976,0.606,TRUE,TRUE
CCL4,8.46E-76,4.25E-71,8.219430447,0.955,0.142,1.19E-26,6.00E-22,2.568679575,0.984,0.777,TRUE,TRUE
TMEM176B,1.77E-75,8.88E-71,6.277169444,0.961,0.149,6.54E-16,3.29E-11,2.565515189,0.661,0.229,TRUE,TRUE
SLC15A3,2.34E-75,1.18E-70,4.489916205,0.927,0.087,1.84E-18,9.26E-14,2.012975959,0.702,0.202,TRUE,FALSE
LAPTM5,8.31E-75,4.18E-70,6.607152492,1,0.455,1.15E-29,5.77E-25,2.550778678,0.992,0.713,TRUE,TRUE
CLIC1,1.12E-74,5.65E-70,4.469462016,1,0.302,6.08E-24,3.06E-19,2.023225888,0.887,0.399,TRUE,TRUE
CCR1,1.69E-74,8.48E-70,7.21391454,0.888,0.056,2.63E-20,1.32E-15,4.991134757,0.556,0.085,TRUE,TRUE
TNF,3.19E-74,1.60E-69,10.62180771,0.876,0.038,2.49E-24,1.25E-19,3.413840587,0.863,0.34,TRUE,TRUE
MS4A4A,4.94E-74,2.48E-69,5.200678892,0.955,0.146,4.20E-16,2.11E-11,2.157460098,0.452,0.064,TRUE,TRUE
CD14,8.83E-74,4.44E-69,7.181051844,0.989,0.316,1.77E-14,8.88E-10,3.845768202,0.613,0.234,TRUE,TRUE
C1QB,9.76E-74,4.91E-69,6.658584787,0.989,0.299,8.46E-27,4.25E-22,3.067296935,0.984,0.676,TRUE,TRUE
FCGR3A,1.74E-73,8.74E-69,7.212116011,0.916,0.097,2.26E-20,1.14E-15,2.55603816,0.71,0.186,TRUE,TRUE
UNC93B1,2.35E-73,1.18E-68,5.734380837,0.921,0.094,5.06E-16,2.54E-11,2.117514719,0.605,0.17,TRUE,TRUE
TYROBP,2.75E-73,1.38E-68,5.172290315,1,0.337,1.21E-28,6.10E-24,2.400940924,0.992,0.697,TRUE,TRUE
GM2A,7.66E-73,3.85E-68,4.964910464,0.983,0.236,8.91E-16,4.48E-11,1.539761033,0.677,0.229,TRUE,FALSE
FCER1G,7.74E-73,3.89E-68,5.594587279,0.994,0.351,4.57E-23,2.30E-18,2.595033631,0.927,0.559,TRUE,TRUE
PLEK,1.12E-72,5.63E-68,6.19465221,0.966,0.194,7.92E-27,3.98E-22,3.485436993,0.887,0.335,TRUE,TRUE
CD83,1.13E-72,5.69E-68,6.784251588,0.989,0.351,1.06E-27,5.31E-23,4.531755111,0.919,0.58,TRUE,TRUE
IFI30,1.54E-72,7.73E-68,6.304157554,1,0.5,1.89E-18,9.52E-14,2.341534798,0.798,0.367,TRUE,TRUE
FCGRT,2.13E-72,1.07E-67,5.781531736,0.989,0.372,4.57E-25,2.30E-20,2.76405579,0.919,0.463,TRUE,TRUE
FXYD5,2.14E-72,1.08E-67,4.044914696,0.916,0.09,1.13E-22,5.69E-18,1.720827866,0.774,0.218,TRUE,TRUE
SLC11A1,2.68E-72,1.35E-67,5.789054045,0.978,0.288,2.19E-14,1.10E-09,2.964274617,0.637,0.239,TRUE,TRUE
HLA-DRB1,5.55E-72,2.79E-67,6.568340951,0.938,0.125,5.53E-28,2.78E-23,2.779794047,0.952,0.537,TRUE,TRUE
ITGB2,6.90E-72,3.47E-67,6.690229815,0.955,0.215,5.44E-28,2.74E-23,2.304216742,0.935,0.351,TRUE,TRUE
CTSB,7.50E-72,3.77E-67,6.10498583,1,0.983,5.34E-25,2.68E-20,2.482905279,1,0.963,TRUE,TRUE
VSIG4,1.22E-71,6.12E-67,7.324114853,0.916,0.115,7.71E-25,3.88E-20,3.780973179,0.71,0.149,TRUE,TRUE
S100A11,1.41E-71,7.07E-67,4.453554152,1,0.476,1.79E-29,9.01E-25,2.370234681,0.992,0.638,TRUE,TRUE
APOC1,1.74E-71,8.77E-67,5.637797254,1,0.448,2.08E-15,1.05E-10,1.814022695,0.895,0.516,TRUE,TRUE
VAMP8,2.19E-71,1.10E-66,3.663119057,0.994,0.233,7.34E-21,3.69E-16,2.717714454,0.758,0.245,FALSE,TRUE
NPC2,3.10E-71,1.56E-66,5.181808376,1,0.528,1.65E-22,8.28E-18,2.87886173,0.887,0.431,TRUE,TRUE
AIF1,3.38E-71,1.70E-66,4.227348847,0.989,0.212,8.67E-27,4.36E-22,2.239435692,0.976,0.761,TRUE,TRUE
TGFBI,3.71E-71,1.86E-66,6.708367229,0.938,0.174,0.000392838,1,4.850439602,0.177,0.059,TRUE,FALSE
CTSD,5.66E-71,2.85E-66,5.919940339,1,0.903,1.98E-08,0.000994112,0.886919088,0.911,0.761,TRUE,FALSE
IRF8,1.09E-70,5.48E-66,5.368974525,0.955,0.194,8.56E-27,4.30E-22,2.853287174,0.839,0.239,TRUE,TRUE
GPNMB,1.46E-70,7.35E-66,5.354443139,0.989,0.361,0.000572499,1,1.058303857,0.282,0.138,TRUE,TRUE
CEBPB,3.91E-70,1.97E-65,5.308000055,1,0.469,2.90E-15,1.46E-10,2.348744483,0.879,0.59,TRUE,TRUE
APOE,4.81E-70,2.42E-65,6.047296836,1,0.611,1.94E-20,9.75E-16,2.022095516,0.96,0.793,TRUE,FALSE
CD86,5.33E-70,2.68E-65,6.380912103,0.944,0.219,5.17E-25,2.60E-20,3.463261862,0.758,0.218,TRUE,TRUE
ICAM1,6.13E-70,3.08E-65,5.230514053,0.921,0.115,9.03E-23,4.54E-18,5.392378951,0.645,0.133,TRUE,TRUE
TYMP,7.49E-70,3.76E-65,5.242916974,0.994,0.396,5.64E-12,2.83E-07,3.36422769,0.661,0.314,TRUE,TRUE
LGALS9,8.09E-70,4.07E-65,4.421729548,0.961,0.208,3.30E-21,1.66E-16,1.646768254,0.774,0.261,TRUE,TRUE
CAPG,9.66E-70,4.86E-65,4.817421512,1,0.472,2.97E-21,1.49E-16,2.037041833,0.935,0.431,TRUE,FALSE
CD68,1.01E-69,5.08E-65,4.897048463,0.994,0.434,1.97E-24,9.92E-20,2.762478678,0.879,0.484,TRUE,TRUE
MGAT1,1.04E-69,5.22E-65,5.263844964,0.983,0.424,6.80E-13,3.42E-08,2.302815159,0.734,0.41,TRUE,TRUE
C10orf54,1.73E-69,8.70E-65,6.350010341,0.882,0.08,1.79E-23,9.01E-19,3.18679678,0.798,0.255,TRUE,TRUE
LILRB3,1.96E-69,9.85E-65,4.655417435,0.888,0.083,0.023168011,1,2.899469283,0.177,0.096,TRUE,FALSE
CD74,2.42E-69,1.22E-64,7.132643293,0.972,0.274,8.01E-31,4.03E-26,2.41196981,0.992,0.809,TRUE,TRUE
IER3,2.74E-69,1.38E-64,6.223662792,0.983,0.326,2.86E-22,1.44E-17,4.073369329,0.871,0.457,TRUE,TRUE
TMEM176A,5.99E-69,3.01E-64,4.892243569,0.921,0.122,2.78E-13,1.40E-08,1.521421116,0.524,0.128,TRUE,TRUE
RGS1,6.67E-69,3.35E-64,8.191953503,0.882,0.094,1.98E-33,9.96E-29,5.102891104,0.919,0.33,TRUE,TRUE
TREM2,8.29E-69,4.17E-64,5.78712069,0.899,0.101,3.46E-21,1.74E-16,3.21488076,0.79,0.287,TRUE,TRUE
SPP1,1.18E-68,5.96E-64,7.087715892,1,0.552,7.26E-29,3.65E-24,4.75873401,0.96,0.601,TRUE,TRUE
PSAP,1.21E-68,6.08E-64,4.857074256,1,0.976,4.60E-11,2.31E-06,1.213968995,0.984,0.963,TRUE,FALSE
LST1,1.39E-68,6.97E-64,3.75110637,0.921,0.094,1.12E-22,5.61E-18,2.076193181,0.895,0.436,FALSE,TRUE
LCP1,2.31E-68,1.16E-63,4.913430205,0.989,0.333,1.15E-24,5.77E-20,3.302516524,0.798,0.277,TRUE,TRUE
CD99,2.82E-68,1.42E-63,3.667637482,0.972,0.198,2.03E-20,1.02E-15,1.691951375,0.927,0.543,FALSE,TRUE
LAIR1,3.16E-68,1.59E-63,6.66285875,0.921,0.191,2.28E-16,1.15E-11,3.268615578,0.605,0.197,TRUE,TRUE
NINJ1,6.22E-68,3.13E-63,5.096243753,0.994,0.552,6.36E-24,3.20E-19,2.688474895,0.984,0.676,TRUE,TRUE
VMO1,6.84E-68,3.44E-63,6.264117436,0.882,0.09,2.52E-09,0.000126955,2.774896738,0.274,0.037,TRUE,TRUE
RAB32,7.23E-68,3.63E-63,3.643524293,0.972,0.219,1.47E-19,7.37E-15,2.107056377,0.661,0.154,FALSE,TRUE
HLA-DRB5,9.18E-68,4.62E-63,6.112222944,0.921,0.135,2.39E-29,1.20E-24,2.670360483,0.968,0.505,TRUE,TRUE
ARPC1B,1.53E-67,7.71E-63,4.255276773,1,0.545,5.67E-22,2.85E-17,2.698899982,0.952,0.617,FALSE,TRUE
PLIN2,1.58E-67,7.96E-63,5.525617136,0.994,0.465,5.24E-24,2.63E-19,4.046893107,0.734,0.191,TRUE,TRUE
ENG,1.77E-67,8.89E-63,5.874146453,0.978,0.479,2.51E-11,1.26E-06,2.0094923,0.694,0.399,TRUE,TRUE
HAVCR2,1.99E-67,9.99E-63,6.329561672,0.966,0.378,1.78E-33,8.95E-29,2.768157813,0.927,0.383,TRUE,TRUE
DUSP23,2.05E-67,1.03E-62,3.45797369,0.933,0.122,4.44E-12,2.23E-07,2.960584575,0.54,0.16,FALSE,TRUE
CD163,2.29E-67,1.15E-62,6.059779401,0.921,0.188,0.012215138,1,2.043730689,0.169,0.08,TRUE,FALSE
FTL,6.63E-67,3.33E-62,3.800948936,1,0.99,3.08E-25,1.55E-20,2.13966646,0.992,0.979,FALSE,TRUE
STXBP2,7.20E-67,3.62E-62,3.560854032,0.972,0.233,6.96E-18,3.50E-13,2.925602493,0.661,0.207,FALSE,TRUE
ADAM28,1.12E-66,5.61E-62,5.060548,0.831,0.049,1.25E-19,6.30E-15,2.272314214,0.669,0.16,TRUE,TRUE
SLC43A3,1.23E-66,6.21E-62,5.409091121,0.927,0.191,2.10E-14,1.06E-09,2.561668852,0.532,0.149,TRUE,TRUE
UCP2,1.26E-66,6.34E-62,3.839840615,0.994,0.278,8.31E-25,4.18E-20,2.973074159,0.855,0.255,FALSE,TRUE
ZFP36L1,1.32E-66,6.62E-62,4.920826894,0.961,0.184,6.78E-30,3.41E-25,4.123493477,0.887,0.271,TRUE,TRUE
MYL12A,1.41E-66,7.11E-62,3.656126765,1,0.417,2.14E-16,1.08E-11,2.060463825,0.839,0.457,FALSE,TRUE
PYCARD,1.73E-66,8.69E-62,4.063213487,0.904,0.101,5.78E-12,2.91E-07,1.901097979,0.718,0.346,FALSE,TRUE
FCGR1A,2.04E-66,1.03E-61,6.5647409,0.798,0.028,1.94E-21,9.77E-17,1.502152483,0.75,0.213,TRUE,TRUE
OTUD1,2.37E-66,1.19E-61,5.695816948,0.949,0.208,7.62E-18,3.83E-13,3.956479405,0.774,0.367,TRUE,TRUE
FTLP3,2.72E-66,1.37E-61,3.936497956,1,0.875,3.89E-26,1.96E-21,2.428588932,0.984,0.867,FALSE,TRUE
HLA-E,2.75E-66,1.38E-61,4.054002673,0.994,0.708,2.75E-30,1.38E-25,2.502373362,0.968,0.67,FALSE,TRUE
RHOG,2.82E-66,1.42E-61,3.901168098,0.983,0.299,6.78E-22,3.41E-17,2.701097544,0.823,0.34,FALSE,TRUE
CTSL,2.94E-66,1.48E-61,4.787954092,1,0.896,2.73E-08,0.001372199,2.96609879,0.863,0.723,TRUE,FALSE
LITAF,4.19E-66,2.11E-61,4.678554758,1,0.701,5.74E-21,2.88E-16,3.026436338,0.839,0.521,TRUE,TRUE
CD84,4.81E-66,2.42E-61,8.983762556,0.815,0.052,8.16E-27,4.10E-22,4.708720895,0.661,0.101,TRUE,TRUE
PTPN6,5.14E-66,2.59E-61,5.217039568,0.933,0.219,6.96E-10,3.50E-05,2.730770468,0.677,0.399,TRUE,TRUE
ASAH1,6.56E-66,3.30E-61,4.494274142,0.994,0.854,0.00037978,1,0.701373408,0.927,0.872,TRUE,FALSE
NCF4,9.65E-66,4.85E-61,4.888749585,0.871,0.087,3.49E-15,1.75E-10,2.53820337,0.5,0.096,TRUE,TRUE
CMTM3,1.40E-65,7.05E-61,5.306704448,0.837,0.056,4.61E-16,2.32E-11,2.920470347,0.548,0.138,FALSE,TRUE
CYBB,1.47E-65,7.40E-61,6.390794159,0.876,0.108,2.37E-22,1.19E-17,1.821978342,0.75,0.213,TRUE,TRUE
HIF1A,1.83E-65,9.18E-61,4.531236786,1,0.736,4.18E-08,0.002103298,2.586111807,0.823,0.681,TRUE,FALSE
ZFP36,1.91E-65,9.60E-61,6.197500553,0.876,0.108,7.78E-24,3.91E-19,3.496947008,0.879,0.33,TRUE,TRUE
CTSS,2.10E-65,1.06E-60,4.882530246,0.994,0.622,1.02E-11,5.12E-07,1.991187167,0.847,0.559,TRUE,FALSE
LYN,2.15E-65,1.08E-60,4.583619644,0.989,0.618,1.05E-27,5.28E-23,3.878718074,0.935,0.628,TRUE,TRUE
CD37,2.36E-65,1.19E-60,5.686854007,0.815,0.049,5.51E-20,2.77E-15,2.977072397,0.718,0.239,TRUE,TRUE
GRN,3.78E-65,1.90E-60,4.981988167,0.989,0.59,4.39E-07,0.022085015,1.032602631,0.782,0.521,TRUE,FALSE
B2M,5.33E-65,2.68E-60,3.290544874,1,0.976,1.97E-25,9.90E-21,2.464220283,0.976,0.92,FALSE,TRUE
C3AR1,5.74E-65,2.88E-60,7.326649153,0.888,0.17,1.75E-20,8.78E-16,3.327433439,0.734,0.255,TRUE,TRUE
LOC101928228,6.61E-65,3.32E-60,4.790048244,0.871,0.083,1.30E-21,6.52E-17,3.412663362,0.758,0.239,FALSE,TRUE
HLA-DMA,1.10E-64,5.54E-60,5.67475281,0.888,0.132,3.79E-22,1.91E-17,2.323742278,0.831,0.277,TRUE,TRUE
SQRDL,1.59E-64,7.99E-60,3.273599344,0.978,0.385,4.15E-11,2.09E-06,2.62447673,0.621,0.324,FALSE,TRUE
ANXA5,1.76E-64,8.84E-60,3.794522865,1,0.656,9.44E-20,4.74E-15,2.517824149,0.944,0.617,FALSE,TRUE
ALOX5AP,2.79E-64,1.40E-59,5.769921038,0.966,0.382,2.39E-24,1.20E-19,2.150186458,0.927,0.468,TRUE,TRUE
GPR183,3.21E-64,1.61E-59,5.704303182,0.82,0.062,1.23E-24,6.18E-20,3.936856336,0.71,0.165,TRUE,TRUE
TSPO,3.32E-64,1.67E-59,3.770817096,0.978,0.288,7.49E-21,3.77E-16,2.561795388,0.847,0.362,FALSE,TRUE
FTLP2,3.56E-64,1.79E-59,3.712857542,0.994,0.545,1.80E-16,9.07E-12,1.960992138,0.847,0.543,FALSE,TRUE
PNRC1,4.21E-64,2.12E-59,4.773919093,0.989,0.486,8.82E-18,4.44E-13,1.95059589,0.968,0.894,TRUE,TRUE
CD300A,5.08E-64,2.55E-59,6.185824223,0.876,0.139,2.73E-21,1.37E-16,3.519921285,0.637,0.128,TRUE,TRUE
OGFRL1,6.92E-64,3.48E-59,4.861494382,1,0.66,1.13E-18,5.69E-14,2.48349496,0.952,0.723,TRUE,TRUE
CDKN1A,7.20E-64,3.62E-59,3.751868899,1,0.601,2.89E-18,1.45E-13,2.376595847,0.911,0.543,FALSE,TRUE
PLA2G7,7.64E-64,3.84E-59,4.884145887,0.938,0.229,7.06E-07,0.035500174,1.277834708,0.379,0.138,TRUE,FALSE
MYO1G,8.62E-64,4.33E-59,5.919931325,0.787,0.031,0.003878477,1,1.432408406,0.073,0.011,TRUE,FALSE
C1QA,8.80E-64,4.43E-59,6.908048399,0.876,0.132,1.59E-25,7.97E-21,2.797534673,0.976,0.601,TRUE,TRUE
GPX1,1.02E-63,5.12E-59,3.775627273,1,0.802,3.47E-26,1.74E-21,2.304832441,0.976,0.883,FALSE,TRUE
TMC6,1.25E-63,6.30E-59,5.635848691,0.871,0.125,2.45E-06,0.1230908,2.998797023,0.379,0.165,TRUE,TRUE
EVI2B,1.41E-63,7.08E-59,3.00686555,0.921,0.132,1.05E-10,5.26E-06,2.019432813,0.573,0.234,FALSE,TRUE
CTSC,3.81E-63,1.92E-58,4.454050686,0.983,0.372,2.12E-17,1.07E-12,1.470704635,0.71,0.239,TRUE,TRUE
BCL2A1,4.01E-63,2.02E-58,6.463976646,0.893,0.167,1.37E-20,6.90E-16,2.396588108,0.879,0.5,TRUE,TRUE
HCLS1,4.24E-63,2.13E-58,3.771532784,0.978,0.319,5.76E-20,2.89E-15,2.474260697,0.855,0.436,FALSE,TRUE
LILRB1,4.41E-63,2.22E-58,5.015354318,0.871,0.115,8.81E-12,4.43E-07,3.629375277,0.395,0.085,TRUE,TRUE
S100A9,4.90E-63,2.47E-58,4.674716166,0.955,0.25,0.000235505,1,3.918162591,0.202,0.069,TRUE,FALSE
KCTD12,4.91E-63,2.47E-58,5.586007874,0.871,0.115,6.63E-21,3.33E-16,1.594935042,0.823,0.277,FALSE,TRUE
TNFRSF14,5.75E-63,2.89E-58,4.723807047,0.837,0.066,0.000857469,1,0.731845403,0.194,0.069,TRUE,FALSE
CREG1,6.59E-63,3.31E-58,4.256576728,0.983,0.535,1.94E-10,9.73E-06,1.816895906,0.871,0.697,TRUE,TRUE
ALOX5,7.24E-63,3.64E-58,4.31014579,0.955,0.351,1.14E-18,5.74E-14,2.895023374,0.782,0.378,TRUE,TRUE
ARHGDIB,7.69E-63,3.87E-58,3.563726869,0.91,0.142,1.54E-26,7.76E-22,2.684160045,0.952,0.473,FALSE,TRUE
LRRC25,8.38E-63,4.21E-58,5.373777348,0.86,0.111,1.10E-05,0.553973011,0.400267668,0.226,0.059,TRUE,TRUE
HLA-DRA,1.54E-62,7.74E-58,6.292293334,0.837,0.083,3.28E-31,1.65E-26,3.562784424,0.96,0.59,TRUE,TRUE
LHFPL2,3.06E-62,1.54E-57,4.349639588,1,0.719,1.94E-17,9.74E-13,2.662763355,0.935,0.702,TRUE,TRUE
PIK3R5,3.48E-62,1.75E-57,5.059171293,0.938,0.33,3.83E-24,1.93E-19,6.072719125,0.758,0.309,TRUE,TRUE
STX11,3.62E-62,1.82E-57,5.859735855,0.91,0.226,1.33E-18,6.69E-14,1.870947219,0.621,0.154,TRUE,TRUE
CD9,4.73E-62,2.38E-57,4.943966698,0.927,0.281,3.86E-08,0.00194154,3.23275288,0.379,0.133,TRUE,TRUE
PIK3AP1,5.06E-62,2.55E-57,3.671680606,0.983,0.507,2.03E-20,1.02E-15,1.829422947,0.798,0.415,FALSE,TRUE
TNFRSF1B,6.06E-62,3.05E-57,4.592027725,0.91,0.222,2.24E-26,1.12E-21,4.662322608,0.734,0.181,TRUE,TRUE
HLA-B,6.52E-62,3.28E-57,3.434850901,1,0.865,3.70E-29,1.86E-24,3.226689773,0.968,0.697,FALSE,TRUE
LRP10,1.03E-61,5.18E-57,3.990570871,0.904,0.181,1.05E-10,5.30E-06,1.326370399,0.524,0.165,TRUE,FALSE
GNG5,1.63E-61,8.20E-57,3.093358067,0.994,0.479,7.69E-25,3.87E-20,2.087364651,0.952,0.484,FALSE,TRUE
SOD2,1.84E-61,9.25E-57,4.914917611,1,0.743,4.37E-18,2.20E-13,2.105856229,0.935,0.702,TRUE,TRUE
GMFG,2.16E-61,1.09E-56,3.456528908,0.955,0.243,1.28E-21,6.42E-17,2.392099528,0.839,0.319,FALSE,TRUE
MPEG1,2.18E-61,1.10E-56,7.125772747,0.753,0.024,8.17E-10,4.11E-05,4.098438561,0.242,0.021,TRUE,TRUE
ZFP36L2,2.61E-61,1.31E-56,4.333395344,0.848,0.087,1.36E-15,6.86E-11,2.305295453,0.653,0.218,TRUE,TRUE
CD63,3.84E-61,1.93E-56,2.946833599,1,0.965,2.02E-15,1.01E-10,1.700778647,0.952,0.91,FALSE,TRUE
GPR34,4.02E-61,2.02E-56,6.1631145,0.831,0.094,7.86E-20,3.95E-15,2.804400416,0.718,0.207,TRUE,TRUE
PFN1,4.18E-61,2.10E-56,3.411039667,1,0.837,2.36E-25,1.19E-20,2.057287963,0.968,0.872,FALSE,TRUE
CD44,5.28E-61,2.66E-56,5.706873277,0.949,0.358,8.92E-15,4.49E-10,3.601870216,0.548,0.165,TRUE,TRUE
FTH1,5.59E-61,2.81E-56,3.126293265,1,1,1.40E-23,7.02E-19,2.009705047,1,0.989,FALSE,TRUE
SP100,7.10E-61,3.57E-56,3.994376267,0.938,0.274,1.89E-18,9.53E-14,3.115566908,0.629,0.186,FALSE,TRUE
RGS10,1.10E-60,5.51E-56,3.791594284,0.972,0.368,5.95E-28,2.99E-23,2.546850526,0.976,0.548,FALSE,TRUE
FPR1,1.31E-60,6.58E-56,7.278387298,0.798,0.069,2.03E-23,1.02E-18,2.688189718,0.79,0.25,TRUE,TRUE
CEBPA,1.54E-60,7.75E-56,5.199775116,0.826,0.069,1.35E-08,0.000680464,1.241869239,0.403,0.128,TRUE,FALSE
IRF5,2.40E-60,1.21E-55,3.500516271,0.916,0.215,7.48E-13,3.76E-08,3.169025407,0.516,0.16,FALSE,TRUE
PTPRC,2.50E-60,1.26E-55,4.75271358,0.938,0.309,7.84E-14,3.94E-09,2.475040642,0.661,0.282,TRUE,TRUE
RAB42,2.62E-60,1.32E-55,5.646735621,0.809,0.076,0.048097019,1,1.283647062,0.065,0.021,TRUE,FALSE
AGTRAP,2.82E-60,1.42E-55,3.953242504,0.904,0.181,1.94E-05,0.977874889,0.522807839,0.306,0.112,FALSE,TRUE
KLF6,3.74E-60,1.88E-55,4.372475227,0.989,0.594,2.86E-22,1.44E-17,3.245668986,0.968,0.638,TRUE,TRUE
CYP27A1,4.13E-60,2.08E-55,6.103108529,0.944,0.344,0.004883856,1,1.441160688,0.411,0.277,TRUE,FALSE
THEMIS2,4.54E-60,2.28E-55,3.630127378,0.882,0.174,3.13E-14,1.57E-09,2.01205822,0.508,0.138,FALSE,TRUE
CCR5,5.56E-60,2.80E-55,7.150199364,0.713,0.007,1.80E-17,9.07E-13,3.034282362,0.468,0.059,TRUE,TRUE
HLA-DPA1,8.84E-60,4.45E-55,4.68491043,0.876,0.146,3.65E-25,1.84E-20,2.522856243,0.96,0.553,TRUE,TRUE
FTH1P20,8.90E-60,4.48E-55,2.928806239,1,0.83,1.76E-20,8.87E-16,1.998026377,0.968,0.856,FALSE,TRUE
NCF1C,1.41E-59,7.10E-55,4.649848153,0.871,0.163,0.000120728,1,1.792043957,0.427,0.245,TRUE,FALSE
LYZ,1.43E-59,7.18E-55,5.411699368,0.809,0.073,0.001180089,1,2.437449608,0.234,0.101,TRUE,FALSE
NCF1,1.51E-59,7.61E-55,6.423209987,0.848,0.149,0.000335028,1,1.68872901,0.339,0.191,TRUE,TRUE
NPL,1.82E-59,9.16E-55,4.187506362,0.966,0.503,6.24E-13,3.14E-08,2.270292977,0.718,0.372,FALSE,TRUE
HCK,2.34E-59,1.18E-54,5.242238044,0.938,0.434,5.07E-18,2.55E-13,2.527316003,0.774,0.34,TRUE,TRUE
MSR1,2.92E-59,1.47E-54,5.192923621,0.966,0.462,1.40E-19,7.03E-15,4.302706377,0.702,0.261,TRUE,TRUE
APOBEC3C,3.89E-59,1.96E-54,3.519286502,0.888,0.16,3.83E-13,1.93E-08,1.339229192,0.411,0.069,FALSE,TRUE
SLC31A2,5.19E-59,2.61E-54,4.407480738,0.933,0.309,9.32E-09,0.000468625,1.533195378,0.54,0.245,TRUE,TRUE
NFKBIA,5.56E-59,2.79E-54,5.654184709,0.966,0.483,7.38E-21,3.71E-16,3.656167781,0.919,0.686,TRUE,TRUE
ADAP2,7.79E-59,3.92E-54,4.628670788,0.955,0.441,3.45E-18,1.74E-13,2.917164928,0.758,0.351,FALSE,TRUE
KYNU,7.84E-59,3.94E-54,5.556472547,0.966,0.535,9.02E-06,0.453352737,2.538104853,0.484,0.314,TRUE,FALSE
C3,8.26E-59,4.16E-54,6.098731524,0.927,0.354,1.05E-30,5.28E-26,3.088682699,1,0.713,TRUE,TRUE
HLA-DRB6,1.04E-58,5.22E-54,4.883668414,0.775,0.052,2.67E-22,1.34E-17,2.917232037,0.823,0.351,TRUE,TRUE
GPSM3,1.17E-58,5.88E-54,2.741888374,0.871,0.115,8.73E-22,4.39E-17,2.251035069,0.847,0.356,FALSE,TRUE
CCL2,2.40E-58,1.21E-53,6.36789062,0.949,0.326,1.18E-22,5.93E-18,2.86121388,0.944,0.569,TRUE,TRUE
P2RX4,4.74E-58,2.38E-53,3.889878448,0.972,0.67,2.12E-15,1.06E-10,2.253814529,0.839,0.543,FALSE,TRUE
CSF3R,6.10E-58,3.07E-53,4.554686475,0.848,0.139,1.05E-20,5.28E-16,2.990624362,0.637,0.154,FALSE,TRUE
RPS19,7.92E-58,3.98E-53,2.604283901,1,0.934,1.83E-24,9.21E-20,2.339471069,0.992,0.91,FALSE,TRUE
MMP19,1.09E-57,5.48E-53,6.6376016,0.781,0.073,1.51E-16,7.58E-12,8.191617294,0.444,0.064,TRUE,TRUE
A2M,1.98E-57,9.97E-53,6.263985066,0.938,0.389,2.02E-28,1.02E-23,3.134734698,0.968,0.665,TRUE,TRUE
PLEKHO2,2.25E-57,1.13E-52,4.029088892,0.888,0.24,1.13E-12,5.69E-08,2.345646515,0.516,0.16,TRUE,TRUE
FUCA1,2.88E-57,1.45E-52,5.243419785,0.949,0.389,0.339642802,1,-0.863935766,0.468,0.521,TRUE,FALSE
SERF2,3.71E-57,1.87E-52,2.555428367,1,0.913,7.34E-24,3.69E-19,2.026782202,1,0.915,FALSE,TRUE
HLA-DMB,3.99E-57,2.01E-52,5.607350918,0.77,0.052,2.62E-16,1.32E-11,2.693394584,0.605,0.154,TRUE,TRUE
MARCKS,4.36E-57,2.19E-52,3.659308396,0.983,0.608,1.13E-18,5.70E-14,2.076985337,0.935,0.713,FALSE,TRUE
TNFAIP2,4.42E-57,2.22E-52,4.79402289,0.91,0.219,1.32E-08,0.000664073,2.706484435,0.452,0.165,TRUE,TRUE
BHLHE41,5.21E-57,2.62E-52,4.364125382,0.972,0.556,6.16E-15,3.10E-10,2.048620127,0.919,0.713,FALSE,TRUE
LIPA,6.09E-57,3.06E-52,5.482441117,0.955,0.469,5.32E-06,0.267719945,0.336767881,0.726,0.495,TRUE,FALSE
NCF2,6.54E-57,3.29E-52,3.825432881,0.899,0.222,1.25E-12,6.27E-08,2.982935448,0.653,0.309,FALSE,TRUE
GDF15,6.60E-57,3.32E-52,4.418877807,0.865,0.142,0.145824139,1,0.467371379,0.024,0.005,TRUE,FALSE
FCGR2A,6.96E-57,3.50E-52,5.455713901,0.989,0.861,9.97E-20,5.01E-15,3.136466642,0.944,0.91,TRUE,TRUE
TNFAIP3,8.18E-57,4.11E-52,7.90924669,0.803,0.108,7.63E-21,3.83E-16,5.205874834,0.661,0.17,TRUE,TRUE
TAGLN2,1.14E-56,5.72E-52,3.450217838,0.91,0.201,5.66E-11,2.85E-06,2.383222458,0.5,0.16,FALSE,TRUE
SAMSN1,1.21E-56,6.10E-52,4.993845119,0.837,0.146,1.91E-19,9.61E-15,3.649194228,0.629,0.149,TRUE,TRUE
TRIM38,1.24E-56,6.25E-52,4.682649833,0.876,0.219,1.90E-05,0.957658544,3.028731957,0.331,0.154,TRUE,FALSE
ODF3B,1.29E-56,6.49E-52,1.167978135,0.764,0.042,9.10E-12,4.58E-07,3.306440743,0.323,0.037,FALSE,TRUE
LINC01272,1.47E-56,7.41E-52,3.37104782,0.854,0.122,1.60E-08,0.000803536,2.786540062,0.315,0.074,FALSE,TRUE
PLTP,1.77E-56,8.91E-52,4.667567815,0.949,0.378,6.70E-09,0.000337104,1.781136086,0.661,0.383,TRUE,TRUE
ARPC3,1.80E-56,9.07E-52,2.547603085,1,0.84,3.02E-16,1.52E-11,1.35774566,0.992,0.867,FALSE,TRUE
TPT1,2.08E-56,1.04E-51,2.424069189,1,0.924,1.15E-25,5.79E-21,2.074997621,0.992,0.979,FALSE,TRUE
LILRA6,2.58E-56,1.29E-51,5.260535154,0.803,0.101,4.99E-05,1,1.938772732,0.169,0.037,TRUE,FALSE
DUSP4,2.76E-56,1.39E-51,4.648561759,0.865,0.16,0.004913775,1,1.428493953,0.492,0.362,FALSE,TRUE
FTH1P7,2.92E-56,1.47E-51,2.81689524,1,0.604,1.51E-19,7.60E-15,1.984491913,0.927,0.612,FALSE,TRUE
CSF2RA,3.06E-56,1.54E-51,5.497659421,0.713,0.024,5.01E-24,2.52E-19,3.10680357,0.685,0.133,TRUE,TRUE
MSN,3.83E-56,1.92E-51,3.183954448,0.989,0.611,6.68E-22,3.36E-17,2.894864639,0.919,0.59,FALSE,TRUE
NKG7,4.85E-56,2.44E-51,6.497578295,0.691,0.014,0.081947435,1,1.14219822,0.016,0,TRUE,FALSE
CASP1,6.77E-56,3.40E-51,5.608577247,0.73,0.038,1.92E-14,9.68E-10,2.277203508,0.476,0.101,TRUE,TRUE
PTAFR,7.34E-56,3.69E-51,5.343550138,0.938,0.476,2.70E-06,0.135689134,3.828715194,0.556,0.42,TRUE,TRUE
TMIGD3,7.58E-56,3.81E-51,4.308669065,0.955,0.413,7.02E-28,3.53E-23,2.952081288,0.96,0.468,FALSE,TRUE
APOBR,9.86E-56,4.96E-51,5.26308237,0.702,0.021,1.00E-05,0.505309937,2.790666079,0.129,0.011,TRUE,FALSE
CD81,1.24E-55,6.22E-51,3.219310061,1,0.868,1.51E-10,7.59E-06,1.55264206,0.927,0.824,FALSE,TRUE
IRF7,2.35E-55,1.18E-50,3.646067652,0.798,0.087,2.94E-08,0.00147949,1.678492859,0.315,0.074,FALSE,TRUE
TMSB4X,3.77E-55,1.90E-50,3.014050529,1,0.993,5.03E-23,2.53E-18,2.095519973,0.992,0.984,FALSE,TRUE
LOC102724297,4.03E-55,2.03E-50,5.184009821,0.82,0.142,5.92E-21,2.98E-16,4.02724481,0.629,0.133,TRUE,TRUE
SERPINA1,6.43E-55,3.23E-50,5.113479649,0.781,0.08,1.70E-33,8.56E-29,3.852123877,0.871,0.181,TRUE,TRUE
SYK,1.11E-54,5.57E-50,2.852453468,0.933,0.34,1.53E-19,7.70E-15,2.768026822,0.702,0.234,FALSE,TRUE
STAB1,1.12E-54,5.63E-50,4.126584744,0.809,0.128,1.30E-15,6.52E-11,4.891970928,0.419,0.059,TRUE,TRUE
EGR2,1.48E-54,7.44E-50,4.607296854,0.921,0.347,2.04E-26,1.02E-21,4.116284642,0.855,0.367,TRUE,TRUE
CD300C,1.73E-54,8.71E-50,5.800541562,0.708,0.035,1.63E-21,8.17E-17,4.302091016,0.427,0.005,TRUE,TRUE
CD40,2.08E-54,1.05E-49,5.473185644,0.803,0.125,1.52E-15,7.65E-11,2.470560971,0.556,0.133,TRUE,TRUE
RPS20,2.27E-54,1.14E-49,2.167357754,1,0.885,2.03E-22,1.02E-17,2.062845889,0.976,0.883,FALSE,TRUE
NAGA,3.02E-54,1.52E-49,3.285905846,0.876,0.212,1.26E-08,0.000635534,2.661059072,0.444,0.165,FALSE,TRUE
FTH1P8,3.06E-54,1.54E-49,2.779030033,0.978,0.597,6.22E-18,3.13E-13,1.806089874,0.895,0.649,FALSE,TRUE
YBX3,3.39E-54,1.70E-49,2.866707063,0.904,0.215,1.23E-21,6.18E-17,1.780656626,0.806,0.303,FALSE,TRUE
SH3BGRL3,4.60E-54,2.31E-49,2.769231728,1,0.833,1.58E-23,7.94E-19,1.888031996,0.976,0.83,FALSE,TRUE
COTL1,9.50E-54,4.78E-49,2.939101565,1,0.764,3.00E-19,1.51E-14,1.906273569,0.984,0.872,FALSE,TRUE
C5AR1,1.09E-53,5.50E-49,3.980664885,0.961,0.441,1.48E-18,7.42E-14,3.610171169,0.71,0.287,TRUE,TRUE
S100A8,1.18E-53,5.92E-49,4.671344276,0.904,0.292,1.43E-05,0.718709854,4.776005901,0.226,0.064,TRUE,FALSE
HNMT,1.24E-53,6.25E-49,3.239413496,0.966,0.372,3.81E-09,0.000191561,2.439780894,0.556,0.245,FALSE,TRUE
TUBA1C,1.61E-53,8.08E-49,2.704982059,0.989,0.778,3.75E-16,1.88E-11,2.535298471,0.911,0.649,FALSE,TRUE
PLAU,1.62E-53,8.13E-49,6.244511798,0.742,0.059,8.97E-14,4.51E-09,4.10428475,0.492,0.128,TRUE,TRUE
LCP2,2.42E-53,1.22E-48,2.184189308,0.927,0.236,8.50E-21,4.27E-16,3.470168826,0.831,0.351,FALSE,TRUE
RPL13A,2.88E-53,1.45E-48,2.021346019,1,0.917,8.17E-21,4.11E-16,2.019045216,0.984,0.941,FALSE,TRUE
GYPC,2.96E-53,1.49E-48,3.313094324,0.91,0.24,1.89E-25,9.52E-21,2.15444358,0.879,0.33,FALSE,TRUE
MYD88,4.47E-53,2.25E-48,3.043146131,0.854,0.125,8.80E-07,0.044222717,2.012556207,0.315,0.096,FALSE,TRUE
GPR84,4.56E-53,2.30E-48,6.428720989,0.708,0.042,3.29E-15,1.66E-10,2.537513357,0.565,0.149,TRUE,TRUE
TMSB10,5.16E-53,2.59E-48,2.36615027,1,0.823,1.83E-20,9.21E-16,1.96226855,0.992,0.926,FALSE,TRUE
IL18,5.64E-53,2.84E-48,4.421631304,0.91,0.278,7.26E-21,3.65E-16,3.75810329,0.75,0.287,TRUE,TRUE
CLEC5A,6.32E-53,3.18E-48,7.629657835,0.68,0.028,2.60E-06,0.130919302,2.869996622,0.194,0.032,TRUE,FALSE
PLP2,7.13E-53,3.59E-48,2.951720133,0.82,0.108,3.71E-09,0.0001864,2.293889444,0.306,0.064,FALSE,TRUE
LILRA2,7.55E-53,3.80E-48,5.539263414,0.753,0.087,3.63E-12,1.82E-07,3.854629953,0.331,0.043,TRUE,TRUE
EZR,1.06E-52,5.35E-48,2.002563536,0.916,0.292,1.34E-19,6.72E-15,1.954691869,0.774,0.314,FALSE,TRUE
TMSB4XP1,1.09E-52,5.47E-48,2.818951868,0.989,0.67,2.59E-15,1.30E-10,1.962266017,0.927,0.835,FALSE,TRUE
RPS27,1.18E-52,5.96E-48,2.028607518,1,0.934,7.51E-20,3.77E-15,1.739971449,0.992,0.947,FALSE,TRUE
LPAR6,1.19E-52,6.00E-48,7.388352231,0.742,0.083,1.44E-07,0.007216566,3.113421854,0.387,0.149,TRUE,TRUE
DAB2,1.47E-52,7.41E-48,3.377988585,0.949,0.372,3.68E-19,1.85E-14,3.55840709,0.653,0.176,FALSE,TRUE
EVI2A,1.80E-52,9.04E-48,4.38247921,0.86,0.233,1.25E-05,0.627339717,2.627113009,0.516,0.34,TRUE,TRUE
NOP10,2.29E-52,1.15E-47,2.348918854,1,0.611,1.59E-13,8.00E-09,1.545287467,0.847,0.543,FALSE,TRUE
ITGA5,2.44E-52,1.23E-47,4.472142962,0.803,0.115,8.29E-19,4.17E-14,5.607031773,0.411,0.021,TRUE,TRUE
B4GALT1,4.23E-52,2.13E-47,4.650055659,0.904,0.375,1.62E-17,8.13E-13,3.33705572,0.766,0.367,TRUE,FALSE
CYP1B1,5.02E-52,2.53E-47,8.235542354,0.697,0.045,0.096746541,1,-0.154639077,0.048,0.016,TRUE,FALSE
RAB20,6.90E-52,3.47E-47,3.825050719,0.865,0.25,2.42E-18,1.21E-13,3.784800347,0.573,0.138,FALSE,TRUE
SASH3,8.17E-52,4.11E-47,5.895124363,0.725,0.069,7.38E-08,0.003712192,3.504325751,0.29,0.069,TRUE,TRUE
C15orf48,8.35E-52,4.20E-47,4.722474693,0.803,0.128,6.68E-11,3.36E-06,1.786460687,0.46,0.128,TRUE,TRUE
METTL7A,8.83E-52,4.44E-47,3.518051626,0.888,0.229,8.23E-10,4.14E-05,1.199518111,0.589,0.293,FALSE,TRUE
NRP1,9.01E-52,4.53E-47,4.194677836,0.978,0.618,0.000172361,1,2.005322962,0.573,0.452,TRUE,FALSE
HCST,9.37E-52,4.71E-47,3.845821374,0.73,0.049,2.04E-22,1.02E-17,2.628958791,0.847,0.335,FALSE,TRUE
GPX1P1,1.37E-51,6.86E-47,3.11222776,0.949,0.365,3.42E-16,1.72E-11,2.262644798,0.871,0.537,FALSE,TRUE
TGIF1,1.37E-51,6.89E-47,3.899846303,0.899,0.34,2.89E-17,1.45E-12,2.071533539,0.677,0.255,FALSE,TRUE
TMSB4XP8,1.40E-51,7.03E-47,2.875819593,0.994,0.872,1.15E-22,5.80E-18,2.518197138,0.992,0.926,FALSE,TRUE
TIMP1,1.49E-51,7.47E-47,3.224559247,1,0.58,0.000759778,1,1.170398031,0.331,0.165,FALSE,TRUE
RPS12,1.67E-51,8.40E-47,2.061695448,1,0.833,2.29E-19,1.15E-14,1.950452709,0.984,0.894,FALSE,TRUE
C1orf162,1.74E-51,8.76E-47,3.577830492,0.961,0.389,7.26E-08,0.003649161,2.537272574,0.637,0.367,FALSE,TRUE
MFNG,1.93E-51,9.71E-47,4.380788328,0.798,0.146,1.40E-10,7.05E-06,1.980410133,0.444,0.128,TRUE,FALSE
AAED1,1.97E-51,9.91E-47,1.712689633,0.893,0.253,2.77E-19,1.39E-14,1.350699528,0.75,0.303,FALSE,TRUE
PABPC1,2.04E-51,1.02E-46,2.433350633,1,0.858,2.44E-22,1.23E-17,2.345460523,0.984,0.957,FALSE,TRUE
GSDMD,2.13E-51,1.07E-46,4.355645051,0.742,0.076,6.61E-11,3.32E-06,4.093046707,0.323,0.053,TRUE,TRUE
NUDT14,2.37E-51,1.19E-46,1.963168468,0.899,0.188,6.69E-09,0.000336606,1.614539528,0.677,0.41,FALSE,TRUE
CCL20,2.78E-51,1.40E-46,8.253702706,0.747,0.087,9.82E-12,4.94E-07,3.955707064,0.556,0.191,TRUE,TRUE
SLC37A2,2.99E-51,1.51E-46,4.216078336,0.831,0.201,1.10E-07,0.005536092,2.576756649,0.395,0.144,TRUE,TRUE
SLC39A1,3.39E-51,1.71E-46,3.04841645,0.938,0.312,5.67E-08,0.002849323,1.533780826,0.597,0.324,FALSE,TRUE
RPLP1,3.91E-51,1.96E-46,1.952792609,1,0.948,6.41E-21,3.22E-16,1.897031492,0.984,0.952,FALSE,TRUE
OLFML2B,3.92E-51,1.97E-46,5.512892975,0.798,0.149,2.06E-05,1,1.897074598,0.274,0.096,TRUE,FALSE
SLA,6.39E-51,3.22E-46,4.367474382,0.865,0.201,4.16E-13,2.09E-08,3.049935348,0.444,0.09,TRUE,TRUE
RAB31,7.87E-51,3.96E-46,2.749550089,0.994,0.792,8.02E-20,4.03E-15,1.481704866,0.968,0.75,FALSE,TRUE
HLA-DQB1,8.74E-51,4.40E-46,7.822537053,0.652,0.021,5.29E-22,2.66E-17,3.127463563,0.734,0.191,TRUE,TRUE
ACSL1,9.42E-51,4.74E-46,4.248768781,0.994,0.747,0.00037116,1,0.945596776,0.839,0.707,TRUE,FALSE
SLCO2B1,9.64E-51,4.85E-46,4.589175168,0.888,0.326,2.36E-17,1.19E-12,1.772762884,0.726,0.282,TRUE,FALSE
SLC7A7,1.42E-50,7.12E-46,3.824102737,0.955,0.538,1.22E-08,0.000611898,2.739363248,0.637,0.426,FALSE,TRUE
TLR2,1.68E-50,8.47E-46,5.599773195,0.798,0.167,1.57E-18,7.91E-14,4.130463792,0.637,0.181,TRUE,TRUE
LGMN,1.71E-50,8.60E-46,4.220497444,1,0.931,0.003444616,1,0.248186311,0.935,0.867,TRUE,FALSE
MAN2B1,1.77E-50,8.92E-46,3.229807885,0.966,0.608,9.88E-11,4.97E-06,0.739377718,0.806,0.543,FALSE,TRUE
IL1A,2.02E-50,1.02E-45,7.036580234,0.68,0.042,8.40E-20,4.22E-15,2.238771826,0.823,0.335,TRUE,FALSE
F11R,2.16E-50,1.09E-45,4.213041686,0.809,0.153,0.008075054,1,1.295106005,0.202,0.101,TRUE,FALSE
CTDSP1,2.82E-50,1.42E-45,1.08833037,0.77,0.076,2.73E-11,1.37E-06,2.276259832,0.419,0.106,FALSE,TRUE
GSN,2.92E-50,1.47E-45,3.403675362,0.966,0.576,3.56E-24,1.79E-19,1.955199156,0.944,0.596,FALSE,TRUE
RILPL2,2.99E-50,1.50E-45,3.57110307,0.938,0.458,4.60E-26,2.31E-21,3.128688828,0.911,0.511,FALSE,TRUE
PARVG,3.61E-50,1.82E-45,3.299966244,0.944,0.375,1.54E-15,7.73E-11,2.914553038,0.71,0.324,FALSE,TRUE
SDC2,4.56E-50,2.29E-45,4.099636556,0.983,0.781,0.009039059,1,0.15389316,0.75,0.606,TRUE,FALSE
RGS19,4.66E-50,2.34E-45,3.193860663,0.775,0.09,4.17E-15,2.10E-10,2.106434024,0.669,0.25,FALSE,TRUE
SIGLEC9,4.99E-50,2.51E-45,4.250812809,0.798,0.163,3.34E-11,1.68E-06,3.057542985,0.403,0.09,TRUE,TRUE
ACTB,7.14E-50,3.59E-45,2.437054755,1,0.99,1.23E-21,6.20E-17,1.939593399,0.992,0.984,FALSE,TRUE
AKR1A1,1.23E-49,6.19E-45,2.525557674,1,0.622,2.64E-16,1.33E-11,1.734272952,0.919,0.553,FALSE,TRUE
IL1B,1.35E-49,6.81E-45,7.545457589,0.764,0.122,3.04E-21,1.53E-16,2.267532101,0.911,0.489,TRUE,TRUE
RBM47,2.16E-49,1.09E-44,4.055826442,0.989,0.917,4.15E-11,2.09E-06,3.626900431,0.919,0.835,FALSE,TRUE
PTGER4,2.25E-49,1.13E-44,5.12669239,0.854,0.271,1.25E-12,6.27E-08,3.888831411,0.661,0.324,TRUE,TRUE
PLAUR,2.43E-49,1.22E-44,4.067759115,0.983,0.705,4.22E-18,2.12E-13,3.732769436,0.903,0.617,TRUE,TRUE
LINC00346,2.69E-49,1.35E-44,6.558487998,0.657,0.031,6.72E-11,3.38E-06,2.592344815,0.395,0.09,TRUE,TRUE
RPLP0,3.11E-49,1.56E-44,2.042726898,1,0.865,5.75E-15,2.89E-10,1.6903671,0.96,0.883,FALSE,TRUE
CPVL,3.84E-49,1.93E-44,3.350419412,0.944,0.51,7.38E-09,0.000371249,1.604309896,0.605,0.324,FALSE,TRUE
PDK4,4.07E-49,2.05E-44,5.241913273,0.736,0.087,4.60E-14,2.31E-09,7.651401034,0.435,0.085,TRUE,TRUE
OSCAR,7.51E-49,3.78E-44,4.100897748,0.809,0.184,1.79E-13,8.98E-09,3.969294917,0.435,0.096,TRUE,TRUE
P2RY12,1.04E-48,5.21E-44,5.642979068,0.674,0.045,7.70E-19,3.87E-14,1.776579268,0.847,0.404,TRUE,TRUE
PLIN3,1.13E-48,5.68E-44,2.600810454,0.944,0.503,2.39E-10,1.20E-05,1.799323032,0.677,0.441,FALSE,TRUE
RPS2,1.24E-48,6.25E-44,1.781920876,1,0.913,7.92E-24,3.98E-19,2.448117246,0.992,0.952,FALSE,TRUE
DUSP6,1.35E-48,6.77E-44,4.066190728,0.815,0.149,3.19E-13,1.61E-08,3.282787414,0.694,0.324,TRUE,TRUE
RPS6,1.74E-48,8.76E-44,2.075686334,1,0.903,3.02E-21,1.52E-16,2.160750781,0.976,0.941,FALSE,TRUE
CMKLR1,1.76E-48,8.85E-44,5.473695969,0.77,0.146,3.77E-06,0.189745697,4.074116093,0.347,0.144,TRUE,FALSE
DBI,2.23E-48,1.12E-43,1.880824138,1,0.604,4.04E-21,2.03E-16,2.616216298,0.984,0.771,FALSE,TRUE
CD33,2.25E-48,1.13E-43,4.734801613,0.713,0.08,1.48E-10,7.46E-06,1.461492775,0.355,0.069,TRUE,TRUE
ALDH3B1,2.71E-48,1.36E-43,4.027930885,0.792,0.153,2.42E-05,1,1.543077257,0.226,0.064,TRUE,FALSE
CEBPD,2.97E-48,1.49E-43,3.044926554,0.871,0.17,5.02E-19,2.52E-14,3.206986276,0.782,0.309,FALSE,TRUE
CSF1R,3.14E-48,1.58E-43,5.113871722,0.899,0.424,1.07E-27,5.37E-23,3.073205661,0.919,0.516,TRUE,TRUE
CAT,3.37E-48,1.69E-43,3.277255369,0.876,0.309,1.06E-10,5.33E-06,2.692134424,0.476,0.16,FALSE,TRUE
HLA-A,4.69E-48,2.36E-43,2.514876922,0.994,0.948,2.52E-12,1.27E-07,1.81331541,0.952,0.809,FALSE,TRUE
WDR1,7.77E-48,3.90E-43,2.273810269,0.994,0.656,9.23E-14,4.64E-09,1.980142728,0.879,0.628,FALSE,TRUE
HLA-C,7.89E-48,3.97E-43,2.304950021,1,0.885,4.41E-20,2.22E-15,2.443062045,0.935,0.691,FALSE,TRUE
LILRB2,1.04E-47,5.24E-43,5.594232549,0.68,0.056,2.35E-05,1,2.17022582,0.145,0.021,TRUE,FALSE
CPM,1.42E-47,7.14E-43,4.141445121,0.927,0.517,9.05E-07,0.045514002,2.237764479,0.597,0.383,TRUE,TRUE
BTG1,1.58E-47,7.95E-43,3.720670229,0.983,0.642,3.99E-12,2.00E-07,2.339847495,0.927,0.793,FALSE,TRUE
FAM20A,1.75E-47,8.80E-43,3.978824619,0.882,0.267,0.013376978,1,0.780823015,0.452,0.314,TRUE,FALSE
ITPRIP,2.61E-47,1.31E-42,5.632679174,0.725,0.111,1.46E-16,7.33E-12,3.549950113,0.516,0.106,TRUE,TRUE
ANXA1,2.69E-47,1.35E-42,4.20747387,0.758,0.104,0.017114677,1,3.13820365,0.121,0.048,TRUE,FALSE
AGPAT2,3.69E-47,1.85E-42,2.324893062,0.876,0.229,1.21E-06,0.060699003,1.382056852,0.452,0.191,FALSE,TRUE
HTRA1,4.07E-47,2.05E-42,3.032536558,0.983,0.74,2.07E-07,0.010384704,1.02349832,0.968,0.883,FALSE,TRUE
RPL18A,4.69E-47,2.36E-42,1.957304144,1,0.837,6.11E-21,3.07E-16,2.047969327,0.992,0.894,FALSE,TRUE
CD58,5.02E-47,2.52E-42,3.570079257,0.826,0.236,3.35E-15,1.68E-10,3.526412939,0.589,0.191,FALSE,TRUE
LILRB5,5.83E-47,2.93E-42,6.179619603,0.652,0.042,0.000955141,1,0.565868906,0.073,0.005,TRUE,FALSE
IL10RA,5.84E-47,2.94E-42,3.519973897,0.758,0.118,1.13E-15,5.66E-11,3.219150022,0.629,0.197,FALSE,TRUE
TWF2,6.21E-47,3.12E-42,2.692582863,0.944,0.326,1.10E-07,0.005517897,1.906696917,0.694,0.41,FALSE,TRUE
TMEM119,6.82E-47,3.43E-42,4.691411433,0.652,0.042,1.96E-20,9.85E-16,2.299647608,0.702,0.202,TRUE,TRUE
MAFF,7.78E-47,3.91E-42,2.145695304,0.966,0.434,1.41E-12,7.07E-08,1.897604436,0.831,0.532,FALSE,TRUE
CMTM7,8.34E-47,4.19E-42,3.561273669,0.899,0.365,1.93E-18,9.70E-14,1.450798212,0.798,0.346,FALSE,TRUE
CASP4,8.51E-47,4.28E-42,3.07903468,0.798,0.132,7.36E-11,3.70E-06,3.225496386,0.347,0.059,FALSE,TRUE
RPS3,1.20E-46,6.02E-42,1.945267764,1,0.896,9.14E-22,4.60E-17,1.889819249,0.992,0.915,FALSE,TRUE
NFKB2,1.77E-46,8.91E-42,2.590312862,0.775,0.111,2.45E-19,1.23E-14,3.581154059,0.581,0.112,FALSE,TRUE
TLR1,1.88E-46,9.44E-42,4.026292471,0.798,0.163,2.02E-14,1.02E-09,3.280495825,0.379,0.043,TRUE,TRUE
FOLR2,1.94E-46,9.76E-42,5.558942468,0.618,0.024,1.00E-24,5.05E-20,2.699546447,0.734,0.17,TRUE,TRUE
CORO1A,2.43E-46,1.22E-41,3.214910549,0.91,0.295,3.99E-13,2.01E-08,2.266687672,0.806,0.484,FALSE,TRUE
ZNF267,2.58E-46,1.30E-41,2.901936637,0.916,0.392,8.48E-16,4.27E-11,3.683956658,0.734,0.378,FALSE,TRUE
CNPY3,6.52E-46,3.28E-41,2.162774146,0.966,0.448,2.45E-13,1.23E-08,1.39944509,0.911,0.66,FALSE,TRUE
RAC2,1.53E-45,7.72E-41,3.352922931,0.753,0.122,7.13E-18,3.59E-13,3.861707069,0.5,0.08,FALSE,TRUE
PMAIP1,1.80E-45,9.03E-41,6.433061105,0.607,0.024,1.83E-15,9.23E-11,1.135175549,0.516,0.101,TRUE,FALSE
TRIP10,2.04E-45,1.03E-40,3.633912628,0.798,0.177,3.63E-09,0.000182427,3.286453406,0.435,0.154,FALSE,TRUE
LPCAT2,2.20E-45,1.11E-40,2.993874305,0.904,0.344,2.66E-11,1.34E-06,1.688492155,0.742,0.378,FALSE,TRUE
MMD,3.02E-45,1.52E-40,2.85728822,0.949,0.431,1.15E-13,5.76E-09,1.656124753,0.839,0.489,FALSE,TRUE
FPR3,3.21E-45,1.62E-40,6.629952697,0.68,0.083,0.013115007,1,1.797796647,0.137,0.059,TRUE,FALSE
SWAP70,6.11E-45,3.07E-40,1.736538444,0.961,0.538,3.70E-13,1.86E-08,1.078325291,0.823,0.612,FALSE,TRUE
RPS6KA1,6.27E-45,3.15E-40,2.434666451,0.921,0.444,5.98E-07,0.030080079,2.103430436,0.677,0.495,FALSE,TRUE
NABP1,1.09E-44,5.47E-40,2.876129159,0.837,0.191,9.29E-16,4.67E-11,2.251782889,0.589,0.16,FALSE,TRUE
CYP19A1,1.38E-44,6.92E-40,4.597804596,0.713,0.104,6.66E-07,0.033476191,3.490654113,0.169,0.016,TRUE,FALSE
IL4I1,1.56E-44,7.87E-40,5.654457935,0.77,0.198,7.56E-15,3.80E-10,2.998298058,0.573,0.197,TRUE,TRUE
LOC100420851,1.62E-44,8.17E-40,5.151746237,0.899,0.319,1.65E-26,8.30E-22,3.132286464,0.984,0.75,TRUE,TRUE
RNF135,1.81E-44,9.08E-40,2.543037116,0.938,0.545,3.53E-12,1.77E-07,3.566639528,0.637,0.319,FALSE,TRUE
ZC3H12A,1.92E-44,9.63E-40,3.797661503,0.753,0.122,8.85E-15,4.45E-10,2.857915208,0.54,0.133,FALSE,TRUE
RNASET2,2.25E-44,1.13E-39,2.745910931,0.983,0.701,4.45E-25,2.24E-20,2.306757718,0.968,0.862,FALSE,TRUE
SLC2A5,2.61E-44,1.31E-39,4.769243953,0.916,0.608,2.68E-21,1.35E-16,2.397791671,0.887,0.537,TRUE,TRUE
CARD16,3.14E-44,1.58E-39,4.399691938,0.573,0.01,2.04E-08,0.001027141,1.250060782,0.347,0.09,TRUE,TRUE
IFITM3,3.41E-44,1.72E-39,2.042800549,0.938,0.326,1.36E-10,6.83E-06,2.446939955,0.685,0.33,FALSE,TRUE
POLD4,3.49E-44,1.75E-39,1.915334641,0.978,0.431,4.69E-14,2.36E-09,1.621598697,0.766,0.33,FALSE,TRUE
SPHK1,3.56E-44,1.79E-39,2.669950994,0.972,0.51,6.02E-13,3.03E-08,2.990178711,0.702,0.378,FALSE,TRUE
LPL,3.70E-44,1.86E-39,7.114890219,0.702,0.118,4.42E-11,2.22E-06,5.643980782,0.444,0.144,TRUE,TRUE
IFNGR2,5.95E-44,2.99E-39,2.853493977,0.966,0.653,1.35E-14,6.81E-10,2.137057098,0.927,0.798,FALSE,TRUE
IL13RA1,6.16E-44,3.10E-39,2.871798034,0.916,0.42,2.66E-21,1.34E-16,2.433759442,0.871,0.394,FALSE,TRUE
RAB34,6.79E-44,3.41E-39,2.818002358,0.798,0.149,3.16E-07,0.015887159,1.024649686,0.387,0.144,FALSE,TRUE
HAMP,7.69E-44,3.87E-39,4.751105597,0.713,0.104,2.49E-14,1.25E-09,1.878631883,0.758,0.309,TRUE,FALSE
FUOM,8.71E-44,4.38E-39,2.246030675,0.815,0.17,9.05E-07,0.045515429,1.539931098,0.427,0.181,FALSE,TRUE
RAB8A,1.18E-43,5.94E-39,2.35270921,0.949,0.5,4.84E-08,0.002433638,1.536846866,0.742,0.532,FALSE,TRUE
PTGER2,1.51E-43,7.58E-39,6.793008352,0.612,0.042,2.73E-05,1,0.389632886,0.21,0.053,TRUE,FALSE
MYO1F,5.11E-43,2.57E-38,3.752693231,0.933,0.608,1.35E-05,0.680329636,2.548102294,0.677,0.559,FALSE,TRUE
GNA13,5.67E-43,2.85E-38,2.877558166,0.972,0.708,5.03E-10,2.53E-05,2.462007205,0.863,0.723,FALSE,TRUE
L3MBTL4-AS1,1.01E-42,5.09E-38,3.632456031,0.68,0.073,4.77E-07,0.023995792,2.035768989,0.371,0.128,FALSE,TRUE
ORAI3,1.31E-42,6.60E-38,3.424895998,0.719,0.097,0.001470127,1,1.303026709,0.355,0.186,FALSE,TRUE
ARHGAP30,1.60E-42,8.05E-38,3.246637104,0.854,0.365,1.56E-12,7.84E-08,2.172203444,0.597,0.245,FALSE,TRUE
FGR,2.48E-42,1.25E-37,3.10269096,0.798,0.24,4.95E-08,0.00249092,2.42422252,0.452,0.202,FALSE,TRUE
RASGEF1B,4.08E-42,2.05E-37,3.360832911,0.899,0.413,1.60E-09,8.04E-05,1.997746651,0.645,0.351,FALSE,TRUE
MFSD1,5.40E-42,2.72E-37,2.714255872,0.966,0.625,2.92E-07,0.014659093,1.125258167,0.75,0.468,FALSE,TRUE
SCIMP,6.67E-42,3.35E-37,4.362078711,0.719,0.146,4.77E-06,0.240036516,1.600098796,0.306,0.117,TRUE,FALSE
LINC01480,7.37E-42,3.71E-37,3.538674327,0.551,0.01,1.48E-12,7.46E-08,3.932298293,0.371,0.053,FALSE,TRUE
FYB,8.29E-42,4.17E-37,2.540215303,0.921,0.424,4.45E-24,2.24E-19,1.790777064,0.871,0.383,FALSE,TRUE
ABI3,8.32E-42,4.18E-37,4.044114632,0.781,0.205,6.61E-13,3.32E-08,3.399652543,0.613,0.25,TRUE,TRUE
G0S2,8.91E-42,4.48E-37,5.353422723,0.837,0.215,2.21E-05,1,1.395073059,0.581,0.367,TRUE,FALSE
NFKBIZ,9.14E-42,4.59E-37,4.067027487,0.933,0.51,3.15E-16,1.58E-11,3.521583356,0.855,0.553,FALSE,TRUE
ITGB7,1.26E-41,6.33E-37,5.538105021,0.685,0.122,0.296389728,1,0.411313627,0.185,0.144,TRUE,FALSE
MCL1,1.29E-41,6.49E-37,2.96747703,0.933,0.448,1.23E-15,6.17E-11,2.542844558,0.847,0.59,FALSE,TRUE
PARP4,2.64E-41,1.33E-36,3.306958417,0.882,0.417,6.03E-06,0.302945648,2.255181963,0.427,0.234,FALSE,TRUE
CKLF,3.51E-41,1.77E-36,2.062718436,0.803,0.163,4.03E-16,2.02E-11,2.760004703,0.621,0.181,FALSE,TRUE
SNX8,4.44E-41,2.23E-36,2.478928133,0.966,0.736,1.96E-13,9.84E-09,2.165625575,0.806,0.5,FALSE,TRUE
RNASE6,5.42E-41,2.73E-36,3.864356097,0.567,0.021,2.23E-16,1.12E-11,1.220310294,0.492,0.08,FALSE,TRUE
TREML1,5.69E-41,2.86E-36,5.634456498,0.528,0.007,7.90E-08,0.003971788,5.679340682,0.161,0.005,TRUE,FALSE
HK2,6.31E-41,3.17E-36,2.33751493,0.854,0.274,4.95E-10,2.49E-05,2.229858553,0.476,0.176,FALSE,TRUE
RAB7B,8.28E-41,4.16E-36,5.512433695,0.73,0.194,1.09E-10,5.46E-06,3.376844681,0.411,0.112,TRUE,TRUE
CYTH4,1.08E-40,5.42E-36,3.762084514,0.663,0.09,6.54E-15,3.29E-10,3.149300081,0.427,0.064,FALSE,TRUE
TBXAS1,1.24E-40,6.24E-36,2.58253928,0.944,0.642,3.29E-21,1.65E-16,3.031658054,0.823,0.505,FALSE,TRUE
PLXDC2,1.25E-40,6.28E-36,2.787199038,0.978,0.802,4.43E-14,2.23E-09,3.000751775,0.887,0.761,FALSE,TRUE
APBB1IP,1.28E-40,6.45E-36,2.918195111,0.933,0.556,3.17E-26,1.60E-21,4.473153529,0.919,0.489,FALSE,TRUE
TNFAIP8,2.48E-40,1.25E-35,3.982858787,0.876,0.385,5.11E-10,2.57E-05,2.081848425,0.637,0.367,TRUE,FALSE
DUSP2,2.66E-40,1.34E-35,3.83199521,0.624,0.062,3.01E-13,1.51E-08,2.93050196,0.702,0.287,FALSE,TRUE
RIPK3,2.77E-40,1.39E-35,5.477457834,0.528,0.01,0.013464802,1,2.75705864,0.032,0,TRUE,FALSE
IGSF6,2.87E-40,1.44E-35,7.418969922,0.584,0.045,2.84E-17,1.43E-12,2.44001378,0.702,0.229,TRUE,TRUE
GBP1,3.62E-40,1.82E-35,3.986276677,0.669,0.08,1.08E-07,0.005423908,4.099183776,0.21,0.027,TRUE,TRUE
OLFML3,4.61E-40,2.32E-35,4.865077778,0.539,0.014,1.24E-22,6.25E-18,2.282906541,0.726,0.181,TRUE,TRUE
TNFRSF1A,4.85E-40,2.44E-35,2.754294383,0.831,0.236,3.22E-09,0.000161811,1.243102126,0.444,0.144,FALSE,TRUE
PIM3,5.65E-40,2.84E-35,2.626447918,0.972,0.59,3.97E-11,2.00E-06,2.400428885,0.815,0.633,FALSE,TRUE
PLEKHF2,5.75E-40,2.89E-35,2.984948004,0.809,0.219,7.55E-06,0.379459066,1.696616146,0.452,0.234,FALSE,TRUE
SERPINF1,6.81E-40,3.42E-35,3.077979258,0.865,0.354,1.97E-16,9.90E-12,2.797479045,0.774,0.346,FALSE,TRUE
SIGLEC10,8.44E-40,4.24E-35,4.677398531,0.584,0.045,1.53E-20,7.67E-16,3.622121184,0.565,0.085,TRUE,TRUE
HLA-H,1.31E-39,6.56E-35,2.309595547,0.978,0.715,1.16E-14,5.82E-10,2.044819336,0.839,0.511,FALSE,TRUE
IL6,1.42E-39,7.16E-35,9.26320261,0.556,0.031,9.06E-10,4.56E-05,2.885615617,0.435,0.133,TRUE,TRUE
MS4A6A,1.47E-39,7.39E-35,5.66197241,0.601,0.052,1.80E-09,9.07E-05,2.744228575,0.427,0.133,TRUE,TRUE
SLC50A1,3.88E-39,1.95E-34,2.253383001,0.854,0.257,0.000150737,1,1.971403768,0.444,0.255,FALSE,TRUE
RAC1P2,4.31E-39,2.17E-34,1.938405276,0.955,0.538,4.37E-16,2.20E-11,1.737321668,0.911,0.702,FALSE,TRUE
SCIN,4.81E-39,2.42E-34,3.763405057,0.826,0.309,2.16E-23,1.09E-18,4.457420318,0.71,0.207,FALSE,TRUE
SIGLEC7,5.57E-39,2.80E-34,5.122870011,0.584,0.052,0.182074199,1,0.568582671,0.048,0.021,TRUE,FALSE
CD300LB,1.11E-38,5.56E-34,3.423580053,0.612,0.062,3.57E-20,1.79E-15,3.405704242,0.5,0.053,FALSE,TRUE
BIN2,1.87E-38,9.38E-34,2.998023612,0.843,0.372,8.48E-18,4.26E-13,1.099151425,0.79,0.356,FALSE,TRUE
HAUS4,2.54E-38,1.28E-33,2.080595217,0.77,0.156,2.90E-07,0.01458706,0.821565879,0.435,0.17,FALSE,TRUE
GNA15,3.30E-38,1.66E-33,2.708647722,0.781,0.229,4.88E-19,2.46E-14,2.137478995,0.677,0.207,FALSE,TRUE
IKZF1,4.61E-38,2.32E-33,3.003099028,0.736,0.177,3.47E-15,1.74E-10,3.049960301,0.629,0.218,FALSE,TRUE
IFITM2,4.99E-38,2.51E-33,2.229739677,0.702,0.108,4.31E-14,2.17E-09,1.583728125,0.734,0.298,FALSE,TRUE
HLA-DPB1,5.35E-38,2.69E-33,3.563763949,0.837,0.24,2.48E-20,1.25E-15,2.419431339,0.895,0.479,FALSE,TRUE
RASAL3,6.46E-38,3.25E-33,3.222643447,0.685,0.125,9.73E-10,4.89E-05,4.256855782,0.347,0.08,FALSE,TRUE
LAT2,6.70E-38,3.37E-33,3.517590768,0.865,0.427,2.14E-24,1.07E-19,2.555761096,0.879,0.495,FALSE,TRUE
PLCB2,1.29E-37,6.48E-33,2.348562424,0.719,0.149,1.23E-08,0.00061865,2.663016101,0.444,0.16,FALSE,TRUE
EIF4EBP1,1.48E-37,7.45E-33,2.353064703,0.921,0.476,1.31E-11,6.57E-07,2.554577787,0.685,0.351,FALSE,TRUE
APOBEC3G,2.18E-37,1.10E-32,2.444526548,0.691,0.139,9.61E-06,0.483177373,2.891428313,0.282,0.101,FALSE,TRUE
LOC105371892,2.27E-37,1.14E-32,3.844306101,0.596,0.066,1.09E-19,5.47E-15,3.198924859,0.565,0.112,FALSE,TRUE
TMEM106A,2.30E-37,1.16E-32,3.06243314,0.758,0.181,2.23E-08,0.001122379,3.682479598,0.339,0.101,FALSE,TRUE
NR4A2,2.96E-37,1.49E-32,6.570724322,0.551,0.038,5.69E-25,2.86E-20,3.924654624,0.702,0.133,TRUE,TRUE
PNRC2,3.18E-37,1.60E-32,2.030549242,0.899,0.34,6.67E-13,3.36E-08,1.661415241,0.766,0.463,FALSE,TRUE
TMBIM4,3.73E-37,1.88E-32,1.781055317,0.989,0.649,3.17E-09,0.000159164,1.04456886,0.863,0.527,FALSE,TRUE
DSC2,4.61E-37,2.32E-32,0.807498711,0.753,0.163,0.00158262,1,3.034992984,0.25,0.117,FALSE,TRUE
ELOVL1,5.42E-37,2.73E-32,1.789701734,0.725,0.142,8.35E-09,0.000419878,2.612112052,0.347,0.09,FALSE,TRUE
RUNX1,6.39E-37,3.21E-32,2.844560373,0.972,0.674,5.74E-17,2.89E-12,6.254636976,0.782,0.495,FALSE,TRUE
MERTK,6.86E-37,3.45E-32,3.146547352,0.944,0.594,1.80E-09,9.07E-05,2.086618791,0.694,0.468,FALSE,TRUE
IMPDH1P10,7.76E-37,3.90E-32,3.273382165,0.551,0.031,2.09E-10,1.05E-05,2.623011932,0.315,0.048,FALSE,TRUE
TGFBR2,1.14E-36,5.76E-32,3.593537203,0.809,0.323,7.06E-13,3.55E-08,3.516177364,0.565,0.234,FALSE,TRUE
IRAK2,1.74E-36,8.76E-32,1.979069239,0.949,0.67,7.64E-18,3.84E-13,3.477257809,0.887,0.633,FALSE,TRUE
SAMD9L,1.92E-36,9.65E-32,4.944914375,0.539,0.038,9.77E-09,0.00049137,4.179320784,0.21,0.016,TRUE,FALSE
LY86,1.95E-36,9.78E-32,3.63418426,0.702,0.16,3.16E-24,1.59E-19,2.107203379,0.919,0.346,FALSE,TRUE
CYB561A3,2.10E-36,1.05E-31,3.015923169,0.848,0.323,2.25E-05,1,-2.212457985,0.5,0.309,FALSE,TRUE
CXCR4,2.15E-36,1.08E-31,4.475290992,0.506,0.017,0.020021358,1,0.911710122,0.121,0.048,TRUE,FALSE
CXCL3,2.44E-36,1.22E-31,7.408591851,0.584,0.059,0.082358959,1,2.79133663,0.04,0.011,TRUE,FALSE
MNDA,2.44E-36,1.23E-31,5.667107511,0.528,0.035,7.07E-13,3.56E-08,0.271223096,0.452,0.106,TRUE,TRUE
ITGB5,2.47E-36,1.24E-31,2.12030479,0.978,0.674,1.05E-12,5.27E-08,1.607357634,0.79,0.473,FALSE,TRUE
WNT5A,3.12E-36,1.57E-31,4.116802603,0.764,0.222,0.001334662,1,-0.658922095,0.468,0.261,TRUE,FALSE
NFKBID,4.39E-36,2.21E-31,3.386607309,0.876,0.385,8.34E-17,4.19E-12,3.892468632,0.798,0.431,FALSE,TRUE
LYL1,1.44E-35,7.24E-31,3.478422071,0.556,0.045,1.97E-09,9.91E-05,3.05573609,0.306,0.053,FALSE,TRUE
THBD,1.54E-35,7.72E-31,6.383025833,0.534,0.038,0.000168431,1,4.077582139,0.129,0.021,TRUE,FALSE
TMC8,1.92E-35,9.64E-31,2.966896004,0.618,0.087,2.36E-05,1,2.867213862,0.347,0.149,FALSE,TRUE
CXCL2,2.32E-35,1.17E-30,7.063333468,0.584,0.076,4.48E-06,0.225372098,5.27143355,0.234,0.059,TRUE,FALSE
NRP2,3.40E-35,1.71E-30,2.566010034,0.921,0.486,2.37E-11,1.19E-06,2.937627147,0.726,0.404,FALSE,TRUE
ARRDC2,5.29E-35,2.66E-30,2.67018008,0.68,0.142,7.63E-05,1,4.44862267,0.315,0.154,FALSE,TRUE
LINC00963,5.60E-35,2.81E-30,2.247577715,0.927,0.545,1.96E-16,9.87E-12,3.257056592,0.742,0.388,FALSE,TRUE
GPR82,6.06E-35,3.05E-30,5.613536099,0.584,0.08,0.55496822,1,4.68352323,0.121,0.101,TRUE,FALSE
RAB13,6.42E-35,3.23E-30,0.876112436,0.949,0.392,1.38E-10,6.94E-06,0.671516175,0.573,0.197,FALSE,TRUE
MILR1,9.78E-35,4.92E-30,3.649821602,0.792,0.326,1.48E-13,7.46E-09,1.69344314,0.766,0.41,FALSE,TRUE
RHBDF2,1.29E-34,6.47E-30,3.729486856,0.775,0.285,8.73E-20,4.39E-15,3.599182949,0.677,0.213,FALSE,TRUE
DOCK8,1.43E-34,7.20E-30,2.785532715,0.904,0.576,2.57E-08,0.001292188,2.7039501,0.597,0.394,FALSE,TRUE
ID2,1.71E-34,8.59E-30,3.140132959,0.921,0.368,9.34E-13,4.69E-08,1.405693431,0.935,0.702,FALSE,TRUE
LOC101926963,2.41E-34,1.21E-29,3.444931937,0.539,0.045,1.05E-12,5.30E-08,1.954001707,0.403,0.064,FALSE,TRUE
SIGIRR,2.99E-34,1.50E-29,1.728033091,0.73,0.16,8.55E-06,0.429726458,1.688646451,0.379,0.154,FALSE,TRUE
CFLAR,4.47E-34,2.25E-29,2.049640222,0.978,0.608,9.98E-18,5.02E-13,2.033986044,0.919,0.638,FALSE,TRUE
IRAK3,8.52E-34,4.28E-29,3.04830286,0.764,0.274,2.81E-14,1.41E-09,3.041385643,0.653,0.234,FALSE,TRUE
REL,1.24E-33,6.25E-29,2.783631578,0.91,0.604,8.15E-14,4.10E-09,3.196601111,0.895,0.644,FALSE,TRUE
TMEM37,2.28E-33,1.14E-28,4.018637826,0.511,0.038,0.017437028,1,3.51426066,0.056,0.011,TRUE,FALSE
DUSP1,2.31E-33,1.16E-28,2.47059497,0.978,0.625,2.64E-10,1.33E-05,1.787546768,0.944,0.782,FALSE,TRUE
PPP1R15A,2.42E-33,1.22E-28,2.564432718,0.994,0.84,1.88E-13,9.43E-09,2.057377064,0.944,0.83,FALSE,TRUE
TMEM52B,3.68E-33,1.85E-28,1.402125923,0.624,0.108,6.98E-19,3.51E-14,3.657184623,0.637,0.181,FALSE,TRUE
GBP2,6.30E-33,3.17E-28,3.03749879,0.86,0.344,1.38E-17,6.95E-13,4.386435534,0.581,0.149,FALSE,TRUE
CFD,7.30E-33,3.67E-28,3.290805186,0.719,0.219,3.83E-08,0.001923712,2.173253953,0.484,0.218,FALSE,TRUE
RRAS,9.08E-33,4.57E-28,2.762605012,0.657,0.122,0.001732418,1,2.645598822,0.339,0.202,FALSE,TRUE
MR1,1.11E-32,5.56E-28,1.528066803,0.815,0.326,1.22E-09,6.13E-05,2.797426474,0.419,0.133,FALSE,TRUE
CD226,1.20E-32,6.03E-28,3.505781848,0.848,0.434,2.69E-09,0.000135035,2.213922175,0.548,0.255,FALSE,TRUE
ADORA3,1.51E-32,7.62E-28,4.927569478,0.511,0.042,2.09E-11,1.05E-06,3.342857767,0.266,0.016,TRUE,TRUE
KLHL6,1.65E-32,8.31E-28,4.011992428,0.758,0.306,4.03E-16,2.03E-11,4.853010358,0.629,0.261,TRUE,TRUE
CECR1,1.66E-32,8.34E-28,3.298210611,0.865,0.469,3.11E-07,0.015654865,2.637825129,0.589,0.388,FALSE,TRUE
TNFAIP8L3,1.99E-32,9.99E-28,3.69830108,0.556,0.066,1.61E-09,8.08E-05,1.203575574,0.565,0.229,FALSE,TRUE
LOC101927822,2.09E-32,1.05E-27,4.001689181,0.534,0.059,1.29E-05,0.649313043,2.940901258,0.218,0.059,TRUE,FALSE
FGL2,2.55E-32,1.28E-27,4.710355351,0.5,0.038,1.10E-10,5.55E-06,-0.531383136,0.371,0.074,TRUE,FALSE
XAF1,3.52E-32,1.77E-27,2.898403622,0.652,0.139,9.19E-14,4.62E-09,2.796659801,0.468,0.101,FALSE,TRUE
P2RX7,3.54E-32,1.78E-27,2.717918059,0.904,0.601,5.55E-12,2.79E-07,2.37810294,0.71,0.415,FALSE,TRUE
GEM,4.16E-32,2.09E-27,3.442607452,0.787,0.271,2.82E-10,1.42E-05,3.088146692,0.556,0.223,FALSE,TRUE
TMEM255B,5.33E-32,2.68E-27,2.148650325,0.702,0.17,6.11E-08,0.003072134,2.819237393,0.355,0.112,FALSE,TRUE
STAT5A,8.97E-32,4.51E-27,2.226218206,0.826,0.326,1.64E-09,8.27E-05,1.77268108,0.5,0.191,FALSE,TRUE
IL1RN,1.22E-31,6.14E-27,6.672980407,0.64,0.17,4.72E-12,2.37E-07,2.18529133,0.597,0.223,TRUE,TRUE
MYOF,1.27E-31,6.40E-27,2.563162399,0.921,0.698,3.20E-11,1.61E-06,2.815833889,0.758,0.553,FALSE,TRUE
CCL7,1.68E-31,8.45E-27,6.636011406,0.494,0.042,6.58E-08,0.003309943,3.073869434,0.266,0.048,TRUE,FALSE
ADPRH,2.00E-31,1.01E-26,2.79418498,0.573,0.083,1.40E-13,7.04E-09,4.5416748,0.363,0.048,FALSE,TRUE
CXorf21,5.01E-31,2.52E-26,5.188283141,0.573,0.104,2.55E-08,0.001283133,4.654992249,0.298,0.074,TRUE,TRUE
FCGR1B,5.25E-31,2.64E-26,1.923552269,0.449,0.017,2.23E-13,1.12E-08,2.464946786,0.597,0.202,FALSE,TRUE
SLC1A3,6.43E-31,3.23E-26,1.803095963,0.843,0.438,2.99E-24,1.50E-19,3.364905743,0.879,0.372,FALSE,TRUE
GAL3ST4,6.61E-31,3.33E-26,4.922740815,0.607,0.149,0.000128728,1,1.049409332,0.508,0.314,TRUE,TRUE
ARHGAP25,7.94E-31,3.99E-26,3.028544219,0.736,0.278,4.27E-08,0.002146153,3.387047725,0.452,0.207,FALSE,TRUE
RASSF2,1.01E-30,5.06E-26,0.958103252,0.91,0.604,5.11E-15,2.57E-10,1.993886058,0.782,0.495,FALSE,TRUE
CSF2RB,1.28E-30,6.41E-26,5.047487981,0.517,0.066,2.07E-06,0.104037123,4.476925085,0.169,0.021,TRUE,FALSE
SIGLEC8,1.56E-30,7.86E-26,4.417898178,0.494,0.049,5.60E-12,2.81E-07,3.331531489,0.379,0.074,TRUE,TRUE
NMI,1.66E-30,8.36E-26,2.578609514,0.685,0.194,2.46E-07,0.01235775,1.75730228,0.371,0.138,FALSE,TRUE
CDCP1,1.92E-30,9.63E-26,2.316971211,0.792,0.358,5.46E-07,0.027445069,2.741458588,0.508,0.266,FALSE,TRUE
WDFY4,2.36E-30,1.19E-25,2.376051619,0.831,0.427,1.35E-12,6.81E-08,3.736434946,0.573,0.234,FALSE,TRUE
FAM198B,2.69E-30,1.35E-25,2.163044297,0.702,0.194,1.10E-10,5.54E-06,2.407535833,0.468,0.149,FALSE,TRUE
LOC105375826,3.31E-30,1.67E-25,4.856945882,0.551,0.087,2.80E-05,1,3.521259242,0.185,0.043,TRUE,FALSE
LOC731424,5.55E-30,2.79E-25,4.632749694,0.489,0.045,0.001446666,1,2.399204704,0.145,0.043,TRUE,FALSE
CH25H,8.95E-30,4.50E-25,7.005854655,0.433,0.021,2.11E-19,1.06E-14,4.218101414,0.653,0.176,FALSE,TRUE
P2RY13,1.36E-29,6.85E-25,5.550289961,0.472,0.042,3.06E-07,0.015408886,5.769891604,0.298,0.085,FALSE,TRUE
SDC4,1.73E-29,8.68E-25,2.233324605,0.629,0.153,6.99E-05,1,3.05557112,0.282,0.117,FALSE,TRUE
C12orf75,3.63E-29,1.82E-24,1.908593739,0.736,0.24,3.43E-20,1.72E-15,1.442649294,0.944,0.532,FALSE,TRUE
VRK2,4.33E-29,2.18E-24,1.834867821,0.882,0.427,5.63E-13,2.83E-08,2.487637223,0.637,0.266,FALSE,TRUE
CSF1,7.74E-29,3.89E-24,2.078795425,0.809,0.267,1.89E-12,9.53E-08,5.482715934,0.556,0.207,FALSE,TRUE
MXD4,7.98E-29,4.01E-24,1.65252625,0.899,0.469,3.44E-06,0.173086923,1.820772015,0.831,0.601,FALSE,TRUE
LOC105378305,1.04E-28,5.25E-24,4.431889915,0.848,0.5,1.35E-12,6.79E-08,3.61288148,0.661,0.383,TRUE,FALSE
PROCR,1.41E-28,7.07E-24,2.584729431,0.86,0.476,6.15E-07,0.030928587,3.198950292,0.5,0.293,FALSE,TRUE
MIR155HG,1.46E-28,7.34E-24,3.41681403,0.719,0.219,8.20E-08,0.004121267,3.835779392,0.444,0.176,FALSE,TRUE
FAM89A,2.81E-28,1.41E-23,1.086410203,0.916,0.382,8.66E-09,0.000435193,1.466433361,0.444,0.149,FALSE,TRUE
CYBRD1,3.88E-28,1.95E-23,3.613365708,0.674,0.233,5.09E-11,2.56E-06,4.009102727,0.484,0.17,FALSE,TRUE
B3GNT5,4.03E-28,2.03E-23,2.478604984,0.674,0.181,5.02E-12,2.52E-07,2.483202269,0.645,0.282,FALSE,TRUE
LINC01268,4.07E-28,2.05E-23,3.795137149,0.421,0.024,1.94E-07,0.009767977,2.628863138,0.315,0.085,FALSE,TRUE
ADTRP,5.64E-28,2.84E-23,1.966922703,0.652,0.167,2.49E-15,1.25E-10,2.641097431,0.427,0.064,FALSE,TRUE
SELPLG,7.84E-28,3.94E-23,3.380975465,0.556,0.101,2.39E-12,1.20E-07,2.572746088,0.661,0.293,FALSE,TRUE
RNASE1,1.76E-27,8.86E-23,5.975797416,0.618,0.149,2.80E-05,1,2.092534256,0.315,0.117,TRUE,FALSE
RPS23P8,4.88E-27,2.46E-22,1.794163142,0.736,0.257,2.60E-16,1.31E-11,1.640295679,0.806,0.367,FALSE,TRUE
CD151,5.87E-27,2.95E-22,1.214380673,0.893,0.424,1.42E-05,0.714899848,0.262572435,0.556,0.282,FALSE,TRUE
FLNA,7.05E-27,3.55E-22,1.978078642,0.837,0.427,0.004696236,1,0.884313415,0.548,0.41,FALSE,TRUE
TGM2,1.21E-26,6.08E-22,4.763605356,0.618,0.177,0.000572145,1,2.575461145,0.145,0.037,TRUE,FALSE
LOC284454,6.52E-26,3.28E-21,3.241754049,0.5,0.073,2.45E-14,1.23E-09,3.656583111,0.452,0.08,FALSE,TRUE
PADI2,1.83E-25,9.19E-21,2.929270956,0.725,0.309,4.43E-13,2.23E-08,1.809490622,0.645,0.303,FALSE,TRUE
PRKCH,2.21E-25,1.11E-20,2.415940575,0.888,0.59,3.37E-17,1.69E-12,4.13979439,0.734,0.394,FALSE,TRUE
LOC400043,5.03E-25,2.53E-20,2.961658519,0.433,0.045,4.58E-09,0.00023023,1.202018215,0.387,0.106,FALSE,TRUE
HAAO,7.32E-25,3.68E-20,3.728717036,0.354,0.01,1.01E-08,0.00050586,0.814428407,0.274,0.043,FALSE,TRUE
BTK,1.01E-24,5.07E-20,3.557946151,0.652,0.25,1.27E-06,0.06394792,3.603180289,0.427,0.207,FALSE,TRUE
ARHGAP31,1.89E-24,9.51E-20,2.301407459,0.787,0.385,1.30E-10,6.53E-06,1.212973042,0.677,0.335,FALSE,TRUE
NR4A3,2.15E-24,1.08E-19,2.777044404,0.764,0.309,1.76E-14,8.87E-10,2.827566924,0.871,0.505,FALSE,TRUE
EBI3,2.69E-24,1.35E-19,0.620204488,0.669,0.236,4.63E-22,2.33E-17,2.02145421,0.806,0.277,FALSE,TRUE
LPAR5,2.90E-24,1.46E-19,3.018666913,0.758,0.417,4.38E-07,0.022028944,2.188161963,0.524,0.287,FALSE,TRUE
LOC374443,3.57E-24,1.79E-19,2.249989126,0.567,0.142,5.92E-05,1,0.486819446,0.379,0.202,FALSE,TRUE
TP53I11,8.88E-24,4.47E-19,0.607504155,0.753,0.253,1.54E-09,7.73E-05,0.853440511,0.653,0.287,FALSE,TRUE
LOC105371763,1.47E-23,7.41E-19,3.136568786,0.416,0.042,1.38E-12,6.93E-08,2.493984742,0.419,0.08,FALSE,TRUE
FAM129A,1.48E-23,7.42E-19,1.885313781,0.854,0.549,3.27E-10,1.64E-05,2.951033364,0.629,0.351,FALSE,TRUE
PDGFB,1.56E-23,7.85E-19,2.818727886,0.646,0.215,2.50E-12,1.26E-07,2.37489084,0.726,0.372,FALSE,TRUE
DCSTAMP,1.76E-23,8.84E-19,4.476097381,0.427,0.052,5.97E-11,3.00E-06,2.078635652,0.331,0.048,FALSE,TRUE
INHBA,3.77E-23,1.89E-18,3.639332566,0.691,0.226,1.10E-12,5.55E-08,3.407839571,0.508,0.16,FALSE,TRUE
TGIF2,1.22E-22,6.12E-18,4.015781225,0.365,0.028,5.93E-10,2.98E-05,5.131010735,0.339,0.074,FALSE,TRUE
LPAR1,2.13E-22,1.07E-17,1.184684852,0.882,0.562,7.06E-17,3.55E-12,3.061075204,0.718,0.303,FALSE,TRUE
LOC105376150,1.63E-21,8.20E-17,2.545759213,0.567,0.153,2.36E-10,1.19E-05,3.178101798,0.5,0.176,FALSE,TRUE
LINC00847,2.22E-21,1.12E-16,1.229649763,0.59,0.16,2.61E-07,0.013141796,2.100134039,0.347,0.112,FALSE,TRUE
DDX60L,3.87E-21,1.95E-16,1.841648286,0.82,0.514,4.05E-05,1,2.17300273,0.476,0.277,FALSE,TRUE
RGCC,4.42E-21,2.22E-16,1.707440434,0.747,0.288,0.000118043,1,1.382266591,0.597,0.378,FALSE,TRUE
CRYBB1,5.77E-21,2.90E-16,-0.331072326,0.5,0.118,1.55E-12,7.82E-08,3.090453808,0.427,0.09,FALSE,TRUE
TNIP3,5.87E-21,2.95E-16,6.973011758,0.596,0.247,3.05E-05,1,4.326331575,0.315,0.133,TRUE,FALSE
GIMAP4,8.34E-21,4.19E-16,3.33793165,0.354,0.031,1.68E-07,0.008441804,0.104690059,0.339,0.101,FALSE,TRUE
TAGAP,1.02E-20,5.14E-16,5.383902582,0.427,0.083,1.12E-05,0.564839284,4.439457404,0.25,0.08,FALSE,TRUE
DEF6,3.79E-20,1.91E-15,0.955863866,0.736,0.351,3.10E-08,0.001556888,0.630135312,0.524,0.234,FALSE,TRUE
CD99P1,4.49E-20,2.26E-15,2.668221914,0.337,0.028,1.40E-08,0.000702451,1.482660635,0.323,0.074,FALSE,TRUE
PAQR5,2.74E-19,1.38E-14,1.859408227,0.758,0.451,4.87E-08,0.002447896,3.412650505,0.492,0.255,FALSE,TRUE
LOC102724265,3.82E-19,1.92E-14,1.810427594,0.32,0.028,8.82E-10,4.43E-05,-0.01138116,0.411,0.112,FALSE,TRUE
ZC3HAV1,1.69E-18,8.50E-14,1.628405484,0.86,0.559,0.004082791,1,1.041100159,0.508,0.404,FALSE,TRUE
SUSD3,2.08E-18,1.05E-13,2.196797759,0.534,0.177,1.29E-13,6.48E-09,1.76327657,0.629,0.223,FALSE,TRUE
LOC105373192,5.92E-18,2.98E-13,3.781357228,0.275,0.014,3.13E-14,1.57E-09,5.404161826,0.339,0.027,FALSE,TRUE
LOC101928143,1.00E-17,5.03E-13,3.807057757,0.36,0.056,6.32E-13,3.18E-08,3.757217953,0.411,0.085,FALSE,TRUE
OASL,1.01E-17,5.09E-13,2.884387197,0.607,0.26,3.01E-08,0.001515307,2.820305291,0.444,0.181,FALSE,TRUE
LOC105369705,1.05E-17,5.27E-13,2.17851512,0.601,0.236,2.12E-13,1.06E-08,1.971604344,0.516,0.128,FALSE,TRUE
GAB3,1.06E-17,5.32E-13,1.974692691,0.624,0.271,4.97E-16,2.50E-11,5.928504362,0.54,0.16,FALSE,TRUE
HLA-DQA1,4.33E-17,2.18E-12,4.971631055,0.36,0.066,1.71E-18,8.58E-14,1.702586188,0.613,0.154,FALSE,TRUE
CFAP58-AS1,8.62E-17,4.33E-12,1.773069436,0.365,0.056,6.95E-10,3.49E-05,2.031599903,0.355,0.069,FALSE,TRUE
MAML2,1.15E-16,5.76E-12,1.15548789,0.91,0.757,2.09E-10,1.05E-05,4.159100517,0.823,0.649,FALSE,TRUE
PRAM1,4.57E-16,2.30E-11,1.391714526,0.573,0.222,9.93E-08,0.00499262,2.981270181,0.419,0.165,FALSE,TRUE
CEACAM21,5.20E-16,2.61E-11,1.081338055,0.517,0.177,5.54E-12,2.78E-07,3.84102136,0.419,0.101,FALSE,TRUE
OSM,5.06E-15,2.54E-10,7.04292465,0.287,0.038,9.85E-16,4.95E-11,3.481565655,0.508,0.101,FALSE,TRUE
FBP1,5.25E-15,2.64E-10,2.370564912,0.618,0.34,2.41E-08,0.001213836,1.60825381,0.484,0.229,FALSE,TRUE
TRAF1,1.80E-14,9.03E-10,3.588118893,0.545,0.226,3.39E-06,0.170578963,3.036183736,0.403,0.186,FALSE,TRUE
SERPINE1,1.93E-14,9.69E-10,0.488702159,0.803,0.399,2.94E-09,0.000147819,2.748144917,0.669,0.404,FALSE,TRUE
ABCB4,2.64E-13,1.33E-08,-0.118695216,0.567,0.247,2.17E-10,1.09E-05,1.970367316,0.508,0.181,FALSE,TRUE
NLRP3,4.04E-13,2.03E-08,3.015865405,0.652,0.392,9.02E-21,4.54E-16,3.070453968,0.839,0.362,FALSE,TRUE
MT2A,7.04E-12,3.54E-07,0.828540018,0.865,0.503,1.43E-09,7.19E-05,0.887894468,0.815,0.543,FALSE,TRUE
CCR7,1.22E-11,6.11E-07,5.453559176,0.281,0.062,2.53E-07,0.012723982,3.442002527,0.29,0.08,FALSE,TRUE
HIST2H2BF,3.04E-11,1.53E-06,2.110216203,0.478,0.191,6.85E-10,3.44E-05,2.123149342,0.847,0.548,FALSE,TRUE
LOC101927686,1.12E-10,5.61E-06,1.849164106,0.427,0.163,2.72E-09,0.000136871,4.187739909,0.371,0.106,FALSE,TRUE
LOC105375013,2.30E-10,1.16E-05,1.628898389,0.657,0.413,1.54E-09,7.73E-05,5.435248057,0.581,0.362,FALSE,TRUE
MX2,6.88E-10,3.46E-05,1.370016388,0.562,0.299,6.61E-11,3.33E-06,5.066773079,0.395,0.096,FALSE,TRUE
GLDN,8.80E-10,4.43E-05,1.334664592,0.697,0.438,1.94E-06,0.097713796,3.153643773,0.605,0.362,FALSE,TRUE
XIRP1,1.62E-09,8.13E-05,4.624571195,0.219,0.042,7.35E-17,3.70E-12,2.825937896,0.46,0.059,FALSE,TRUE
TNFSF15,3.92E-08,0.001972237,3.857783179,0.287,0.097,1.13E-09,5.67E-05,5.491159128,0.323,0.064,FALSE,TRUE
LOC105371664,5.13E-08,0.002577252,1.160127346,0.601,0.372,2.66E-21,1.34E-16,6.945594743,0.694,0.255,FALSE,TRUE
DHRS9,1.51E-07,0.007602058,2.75303321,0.253,0.08,6.03E-20,3.03E-15,2.802155708,0.742,0.255,FALSE,TRUE
MIR31HG,9.31E-07,0.046806328,0.964675061,0.5,0.306,8.94E-11,4.49E-06,4.056274674,0.5,0.202,FALSE,TRUE
C10orf128,2.02E-06,0.101512986,2.69000808,0.247,0.09,1.22E-24,6.13E-20,4.186366136,0.669,0.112,FALSE,TRUE
OR9A4,3.45E-06,0.173421004,3.070533845,0.511,0.326,2.74E-09,0.000137622,5.35832867,0.565,0.303,FALSE,TRUE
LOC105376402,4.63E-06,0.23258392,-4.343429903,0.472,0.656,0.085660852,1,0.027397205,0.427,0.362,TRUE,FALSE
SOX9,0.000121803,1,-0.313770021,0.197,0.073,0.003219923,1,1.613694293,0.306,0.165,FALSE,TRUE
CRHBP,0.002227301,1,-6.018066656,0.629,0.628,0.556427198,1,-0.746117854,0.581,0.5,TRUE,FALSE
RSAD2,0.010144749,1,1.889138365,0.584,0.403,0.063918331,1,7.584882419,0.29,0.223,FALSE,TRUE
