,specimen_id,axon_bias_x,axon_bias_y,axon_depth_pc_0,axon_depth_pc_1,axon_depth_pc_2,axon_depth_pc_3,axon_emd_with_basal_dendrite,axon_exit_distance,axon_exit_theta,axon_extent_x,axon_extent_y,axon_frac_above_basal_dendrite,axon_frac_below_basal_dendrite,axon_frac_intersect_basal_dendrite,axon_max_branch_order,axon_max_euclidean_distance,axon_max_path_distance,axon_mean_contraction,axon_num_branches,axon_soma_percentile_x,axon_soma_percentile_y,axon_total_length,basal_dendrite_bias_x,basal_dendrite_bias_y,basal_dendrite_calculate_number_of_stems,basal_dendrite_extent_x,basal_dendrite_extent_y,basal_dendrite_frac_above_axon,basal_dendrite_frac_below_axon,basal_dendrite_frac_intersect_axon,basal_dendrite_max_branch_order,basal_dendrite_max_euclidean_distance,basal_dendrite_max_path_distance,basal_dendrite_mean_contraction,basal_dendrite_mean_diameter,basal_dendrite_num_branches,basal_dendrite_soma_percentile_x,basal_dendrite_soma_percentile_y,basal_dendrite_stem_exit_down,basal_dendrite_stem_exit_side,basal_dendrite_stem_exit_up,basal_dendrite_total_length,basal_dendrite_total_surface_area,soma_surface,soma_aligned_dist_from_pia,axon_over_basal_dendrite_extent_x,axon_over_basal_dendrite_extent_y,axon_extent_x_over_y,basal_dendrite_extent_x_over_y,axon_over_basal_dendrite_ratio_xy,axon_branch_freq
0,569871062,45.85039984,105.5245088,-403.1003998,-475.5228452,-375.0798302,-366.3055439,8.731638837,10.67448781,0.402549463,326.8027909,102.1213566,0.644566301,0,0.355433699,16,202.7945418,632.5802317,0.758834026,73,0.255234297,0,3231.327451,26.33647829,-21.00016535,5,94.62040656,93.29096504,0,0.362720403,0.637279597,4,71.49800735,103.25737,0.810328201,0.781472843,19,0.438287154,0.496221662,0.2,0.8,0,539.7955475,1325.849617,1081.139456,154.8525552,3.453829917,1.094654306,3.200141496,1.014250485,3.155178669,2.259133471
1,643397120,152.9124674,209.3779749,-519.7134695,-78.08277431,99.45004726,-420.5696637,8.108180143,14.38644041,0.376411287,482.8820103,571.0612381,0.021079411,0,0.978920589,24,468.9991643,1201.923114,0.90464552,107,0.185898601,0.367981101,9050.272656,56.88945702,-39.72940557,6,246.0754566,568.7905943,0,0.05729927,0.94270073,5,315.9515769,488.5613265,0.754568189,0.857550347,26,0.432846715,0.554014599,0.166666667,0.666666667,0.166666667,3775.231689,10212.52309,967.6898371,891.1644887,1.962333087,1.003992056,0.84558709,0.432629265,1.954530492,1.182284822
2,650077366,147.8375065,-667.6665131,48.45339748,-390.7243123,-184.3825239,-208.7267595,36.96314326,0,0.514325792,283.6541331,897.1665462,0,0.28939218,0.71060782,21,799.618999,1105.812129,0.828460169,117,0.042779714,0.836236934,6271.005491,85.75362577,32.69886741,3,189.9599524,464.0483465,0.338345865,0,0.661654135,5,265.9237363,332.3472979,0.874831537,0.862159091,25,0.442241969,0.460013671,0.333333333,0.333333333,0.333333333,1760.017469,4760.551362,1166.04047,278.2418603,1.493231229,1.933347146,0.316166641,0.409353797,0.772355462,1.86572951
3,656933853,158.0343611,-155.2401223,-804.5360612,-443.7895029,204.2339275,661.1316593,3.148792607,0,0.631327688,738.2776696,544.2600518,0.020369529,0.002574587,0.977055884,12,483.7717253,631.8237094,0.884568838,211,0.295320309,0.761017719,18401.71055,59.95458964,-187.3024334,5,286.2593024,412.100865,0,0,1,10,331.6185845,462.1130575,0.818702032,0.573896951,33,0.292553191,0.749240122,0.4,0.4,0.2,3527.886446,6307.312302,807.0110514,1114.447916,2.579052151,1.320696213,1.356479622,0.694634073,1.952797415,1.146632534
4,665718254,117.9478687,-301.4943526,-207.3695558,-34.27820954,-280.9487942,-203.8416043,29.88474865,11.78633552,0.717654333,158.4283971,923.9600975,0,0.340771493,0.659228507,16,622.4093919,816.0208613,0.84066923,161,0.052240097,0.621345788,8259.922722,3.356586389,167.1090388,4,79.07393513,464.5043155,0.003641661,0,0.996358339,6,318.3430765,359.9091087,0.862458635,0.996200385,24,0.43627094,0.361252731,0.25,0.75,0,1936.138769,6052.96657,816.29767,573.8508672,2.003547652,1.989131353,0.171466709,0.17023294,1.007247535,1.949170778
5,681546151,9.051123131,-467.2123136,-249.1829598,-11.89108526,-99.03079088,-266.7348508,56.6145102,11.41771642,0.577234174,230.4180662,1267.977673,0.120432196,0.632754644,0.24681316,16,896.4519028,1032.87786,0.874839344,157,0.235522642,0.792278742,9807.362469,26.3303805,23.53280842,5,206.8375194,387.5947695,0,0,1,7,225.5684944,323.7502545,0.672909068,0.643701007,49,0.480829016,0.493264249,0.2,0.4,0.4,3482.124039,7060.777566,756.5278875,422.4776317,1.114005171,3.271400372,0.181720918,0.533643732,0.340528534,1.600838151
6,685766680,134.7512728,-606.6719144,-390.1171877,-453.5659568,-350.7864997,-306.8945305,22.35610991,0,0.729784526,131.5867189,602.1667822,0,0,1,7,618.7950167,705.8202809,0.8617232,13,0,1,1158.507278,92.91766525,58.13813292,3,180.055366,385.9999444,0.517936118,0.041277641,0.440786241,6,232.1990068,285.920723,0.875929604,0.618047445,35,0.197926484,0.236098021,0.333333333,0.333333333,0.333333333,2533.939287,4929.522434,514.2776202,319.7651615,0.730812537,1.560017795,0.218522049,0.466464746,0.468464231,1.12213365
7,685780246,2.543907284,-1209.308027,-321.2785768,-62.48067253,-218.6086155,-217.0837326,109.3339048,13.79984626,0.955877697,370.6679917,1195.579176,0,0.788877266,0.211122734,18,1210.85893,1296.105796,0.881286735,153,0.17974198,1,7097.423503,79.47314638,24.60764454,4,265.0559869,517.0824787,0.803897686,0,0.196102314,4,285.6642775,315.3487419,0.914772471,0.593895014,20,0.3727162,0.204628502,0.5,0,0.5,1949.728411,3624.923051,419.7879562,307.4313367,1.398451686,2.312163388,0.310032158,0.512599049,0.604823903,2.155711857
8,685790763,83.1869554,169.4763475,-658.4926834,-446.1312604,-46.52344978,304.4912533,17.08723856,0,0.556446552,630.1485344,717.6041289,0.136667031,0.001750739,0.86158223,23,445.4866933,808.2121435,0.843529315,231,0.375642849,0.441186125,12997.00812,114.3088723,14.3066003,6,270.5762678,538.5454919,0,0,1,5,294.1057258,337.9557615,0.904571514,0.688990714,32,0.426323868,0.566001535,0.333333333,0.5,0.166666667,3491.225774,7523.394965,792.2429907,1338.42995,2.328912803,1.33248563,0.878128357,0.502420449,1.747795812,1.77733212
9,685806972,280.3680233,-308.820449,486.3577278,-441.4890628,-21.50649771,-130.1274127,8.269926865,14.62904214,0.896771934,950.5629167,675.3390134,0.004319402,0,0.995680598,18,626.5866638,1634.893176,0.840270506,119,0.271538641,0.62993229,11274.48105,98.28923475,-464.7008716,6,318.4445768,753.6154048,0,0.04656539,0.95343461,4,619.7201514,714.1730056,0.865085413,0.66415327,34,0.295244386,0.720607662,0.333333333,0.333333333,0.333333333,3655.311092,7660.050798,806.2067143,322.7994981,2.985018386,0.896132177,1.407534435,0.422555822,3.331002348,1.055480953
10,685821059,97.87266272,567.1412909,-651.2683292,-443.8880101,-165.2176526,391.9642987,26.92328688,0,0.396923614,876.5296755,1350.317997,0.178717472,0,0.821282528,15,960.5821917,1387.596823,0.807085011,167,0.48057855,0.411716547,15805.09213,26.18032997,-101.8074532,5,608.5678422,724.1906228,0,0.006559169,0.993440831,4,420.3868384,505.6085106,0.908600442,0.62850491,27,0.464607816,0.632139929,0.4,0.6,0,4492.33183,8856.014999,1210.899527,1447.127667,1.440315466,1.864589177,0.649128337,0.840342063,0.772457271,1.05662149
11,689306781,157.7466209,-907.5663525,462.6463731,-97.21475352,142.6495772,-15.55999874,61.25059313,0,0.774842633,426.0587837,1358.211254,0,0.532411527,0.467588473,21,1151.463663,1769.639339,0.697059808,323,0.254637552,0.678896571,20355.42839,1.483842229,139.2078196,2,183.4442043,365.8731046,0.081038552,0,0.918961448,4,268.3039846,445.0072717,0.675345303,0.805973662,14,0.250196696,0.132179386,0.5,0,0.5,1793.829628,4525.673891,544.6150635,373.2689819,2.322552437,3.712246779,0.313691101,0.501387508,0.625646024,1.586800306
12,689319155,301.0841309,-135.8317377,115.8105864,-572.8856008,-108.5865477,-252.2814522,21.09101184,27.78214742,0.859069004,751.6570158,509.833185,0,0.111466241,0.888533759,13,600.1849409,1467.891676,0.735121582,73,0.410107871,0.552337195,7414.340537,89.34354955,159.3910199,2,289.186925,367.5457694,0.233535354,0,0.766464646,5,329.7723013,452.5118146,0.728278397,0.626551343,30,0.290505051,0.235959596,0.5,0,0.5,3453.417706,6796.988402,514.5883645,310.1501657,2.599208162,1.387128427,1.474319518,0.786805207,1.873804985,0.984578462
13,689331391,115.3184282,-162.0710706,677.7909412,220.4607985,-344.8118305,157.632926,6.120418944,8.277875048,0.757862152,759.275056,601.2657305,0.000510018,0.047140255,0.952349727,17,463.9208611,765.0845132,0.869876343,247,0.448087432,0.454936248,19327.27312,21.47958272,-17.12317028,7,211.8054689,423.2259688,0,0,1,7,262.5055793,376.983995,0.811400737,0.69402271,33,0.365131579,0.583333333,0.285714286,0.428571429,0.285714286,2452.696052,5351.936621,587.1458553,483.8878019,3.584775502,1.420673056,1.262794497,0.500454803,2.523293791,1.277986804
14,689360084,36.80448284,281.7111159,-1037.728017,-473.2507064,273.3064182,1582.650404,16.82345414,0,0.33119357,822.0600333,978.7273203,0.059456834,0,0.940543166,18,638.1687118,852.5076233,0.926919885,533,0.399683696,0.607561882,37367.3822,119.8354174,-177.9010156,6,334.1375629,644.9027785,0,0.024213679,0.975786321,6,416.9095472,468.5185305,0.870002758,0.60261531,50,0.479530704,0.693959061,0.166666667,0.666666667,0.166666667,5157.011308,9772.569122,600.6128821,1281.153496,2.460244296,1.517635453,0.839927543,0.51812083,1.6211036,1.426377682
15,695505884,84.08217018,9.965546523,-987.358293,795.2765712,1493.265819,110.9481275,6.111853668,17.18273586,0.088214257,811.2879081,1052.945026,0.027085434,0.0010085,0.971906065,26,712.0121007,1052.108453,0.867128242,575,0.46812419,0.588856073,36862.754,66.94125523,-132.0188779,5,223.4283769,748.7914221,0,0,1,5,444.408861,482.3097104,0.848801377,0.535816596,23,0.373868983,0.580890337,0.6,0,0.4,3375.324935,5669.808366,479.3335461,916.9253054,3.631087149,1.406192693,0.770494079,0.298385332,2.582211647,1.559840049
16,695574463,96.49522378,106.8052012,-854.3825248,-148.1880136,599.5062136,371.212876,27.79941315,0,0.038463294,951.9176176,1066.676205,0.13950649,0.011438118,0.849055391,18,601.2400425,1071.361956,0.906017982,257,0.454911485,0.3044034,22647.83703,85.99613425,-167.1304859,5,257.4929221,561.8499635,0,0,1,2,428.2532796,542.2500764,0.879489588,0.75720274,11,0.383780332,0.69348659,0.2,0.4,0.4,1997.925825,4877.210602,742.1710149,1154.562626,3.696869063,1.898507207,0.892414786,0.45829481,1.947250476,1.134766202
17,695576844,153.1293816,-67.34414293,-385.962455,1819.79375,839.2533254,25.5535637,15.73638813,0,0.278408471,887.4904672,1027.868762,0.058407519,0.061416297,0.880176184,16,572.4334199,801.8679254,0.908975532,623,0.332093452,0.484783277,45118.57243,41.26396032,38.36530062,7,168.61874,572.2424938,0,0,1,7,329.022313,516.4019122,0.839903999,0.67165763,43,0.40532631,0.421714955,0.142857143,0.428571429,0.428571429,4273.279152,9015.01768,662.6900997,830.8433319,5.263296756,1.796211874,0.863427803,0.294663087,2.930220445,1.380806099
18,700801541,118.0289046,-865.9169884,-399.1912473,236.9269907,-28.89036985,-283.115828,66.54782195,39.52852231,0.796679255,269.9652574,830.7916776,0,0.124139488,0.875860512,21,876.95144,1133.105348,0.832336312,213,0.069179551,1,11540.35132,40.78408642,-317.7889854,2,215.6134949,962.8797189,0.528521537,0,0.471478463,7,649.56032,757.5171997,0.828133898,0.682692783,50,0.470023283,0.538416764,0.5,0,0.5,4451.988284,9587.31948,381.7633666,454.0385229,1.252079595,0.862819791,0.3249494,0.223925679,1.451148442,1.84569771
19,701072075,137.5548526,-101.4128351,1233.583426,-829.219527,419.7275077,-55.81831658,12.37016614,0,0.770094442,937.4661094,577.0653601,0,0,1,15,557.0254481,968.3452313,0.809077134,201,0.433538418,0.247746459,19062.85568,1.100359309,-141.8537251,7,456.0547545,819.1350527,0.042256589,0.062295796,0.895447615,7,482.7466187,798.3136787,0.79911728,0.634528683,41,0.26334132,0.306686996,0.142857143,0.857142857,0,6087.911531,12051.78135,381.3092663,410.1617607,2.055599904,0.704481341,1.624540605,0.556751604,2.917891199,1.054406556
20,707795387,82.82771951,-157.3525704,-64.81858135,-488.3119431,-219.0832629,-237.5777484,15.01449925,24.14545614,0.370863674,365.6715494,491.7604303,0.469778375,0.068502351,0.461719275,14,352.7562032,729.4281906,0.807003949,83,0.49597045,0.377770316,4448.436361,34.70049252,-91.72865654,5,86.60242483,144.3181664,0,0,1,7,155.2976065,193.5363032,0.823964699,0.934192577,33,0.279329609,0.815642458,0,0.8,0.2,969.2108813,2897.815098,1553.09618,385.9929928,4.222416983,3.407474212,0.743596936,0.600079858,1.239163298,1.865824152
21,707837795,276.2646961,-32.69861599,630.2179654,1049.973775,-903.1653432,351.3256058,8.488423288,12.80092557,0.389455823,1272.044139,572.060261,0,0.020763641,0.979236359,23,777.8358805,896.108363,0.830176278,395,0.420982812,0.213346407,24266.69375,21.11447263,124.8575037,7,579.9740178,435.321516,0.005687878,0,0.994312122,6,313.0164773,376.7386621,0.840654039,0.610513664,31,0.445431923,0.412726626,0.142857143,0.428571429,0.428571429,3478.375876,6665.515374,1129.405137,627.2069218,2.193277802,1.314109779,2.223619128,1.332288886,1.66902175,1.627745436
22,720835661,34.3231837,-25.05625154,337.1220326,400.1195962,-618.0449482,108.6504746,8.516115749,24.20855422,0.771365315,702.2122681,548.8619783,0,0.02382872,0.97617128,18,399.5109825,672.0828297,0.83935048,211,0.461255935,0.480874317,16226.02244,94.95088042,117.4639415,3,201.8886925,558.5457929,0.046020574,0,0.953979426,7,342.4561411,374.5438336,0.828415383,0.820820626,17,0.438548998,0.378992962,0.666666667,0,0.333333333,2321.783341,5999.3496,1127.199941,543.4690355,3.478214948,0.982662452,1.279396817,0.361454146,3.539582633,1.300380304
23,720841879,177.4994408,25.84030688,-652.2942759,307.0371785,580.0887643,-490.7074724,8.463813116,19.64345547,0.09313669,679.5836173,745.4699431,0.036601083,0,0.963398917,18,463.6225835,682.6081072,0.865724182,213,0.412922072,0.358707793,17890.82853,7.967982757,-117.2900846,6,401.9842147,611.3067182,0,0,1,5,384.6985301,428.0197799,0.78979519,1.062896538,18,0.480626905,0.548106226,0.333333333,0.666666667,0,3043.992799,10166.36981,989.2342862,909.0755663,1.690572894,1.219469574,0.91161773,0.65758187,1.386318224,1.190554141
24,720881002,105.6047802,77.68580588,-533.1784937,191.8647999,238.5741552,-494.5707515,13.82648009,11.26811795,0.253205066,546.287411,697.0551513,0.07918552,0.002024291,0.918790188,14,388.1328093,646.533765,0.818746216,151,0.282090974,0.223386521,11925.10844,179.980221,-61.23142837,6,276.68309,530.4538242,0,0,1,4,296.4163547,419.404774,0.759786554,0.705112276,16,0.450025368,0.507356672,0.5,0.166666667,0.333333333,2625.116127,5792.240521,627.0042036,889.8734846,1.974415607,1.314073194,0.783707588,0.521596937,1.502515701,1.266235865
25,720885760,23.0158594,-61.1025115,-869.117856,-690.1309306,-281.5551832,1136.148116,19.02614551,0,0.554261989,303.0381734,561.022518,0.021431075,0.347904461,0.630664463,29,341.2663968,1128.65551,0.76572691,563,0.287667117,0.702568725,29593.95146,10.28891028,86.44587105,8,118.1359401,282.8484115,0,0,1,6,189.4432383,225.501697,0.834515664,0.605400604,66,0.491133799,0.401397098,0,0.875,0.125,2812.850042,5339.950033,561.3163985,1408.00843,2.565164954,1.983474169,0.540153316,0.417665206,1.293268647,1.902415772
26,732058780,28.67211241,145.4497935,-1022.919996,-314.8084166,569.1265151,1102.783294,8.380049358,0,0.480631311,1020.793794,1314.480096,0.087867247,0.006438157,0.905694596,15,748.7647707,1253.862455,0.890790962,259,0.497052956,0.542346754,29049.27227,29.53689385,-194.6983598,5,213.7537152,708.946946,0,0,1,5,463.5901859,507.572823,0.86739227,0.772701716,23,0.357432222,0.515113743,0.4,0.4,0.2,3818.777134,9281.728,425.6738617,1164.806437,4.775560476,1.854130416,0.776576075,0.301508761,2.575633534,0.8915886
27,732105067,60.86146152,162.8076617,714.2388395,2770.502457,-187.3500127,118.5267553,14.21990103,22.9021283,0.307252753,738.7778198,1038.021647,0.121529869,0.016015989,0.862454142,35,621.0767282,1596.668116,0.864528001,573,0.335514428,0.250205333,47130.77683,71.19664739,9.584486558,6,428.0645335,647.0785468,0,0,1,7,335.7925745,428.193433,0.826837172,0.668764267,32,0.273717949,0.426282051,0.166666667,0.5,0.333333333,3913.021252,8253.58992,736.8448726,757.4635932,1.725856178,1.604166375,0.711717161,0.661534115,1.075858592,1.215766084
28,732115399,4.536098927,-152.1599347,-378.0095548,-427.2417932,-373.5278107,-289.5432056,25.73073435,12.58698912,0.910559742,49.77640773,139.6328476,0,0,1,5,159.9419992,229.9963049,0.71975982,7,0.375404531,1,387.6103467,38.54746119,125.6532993,2,139.7955405,667.6185515,0.55998009,0.066202091,0.37381782,5,397.2097065,495.5444212,0.808074271,0.789847702,26,0.244897959,0.442508711,0,0.5,0.5,2516.31518,6236.670149,1489.536686,423.4970293,0.356065777,0.20915064,0.356480646,0.209394332,1.702436943,1.805937344
29,732127116,180.2120733,-931.4797146,-592.119849,-201.9127717,130.6148708,-229.4548137,109.1439806,0,0.75716985,421.2749242,1488.639348,0,0.466956411,0.533043589,23,1222.210306,1619.91941,0.811728183,231,0.227917679,0.696791512,11888.64169,110.3033622,774.0341115,2,221.6525606,1020.075017,0.562727273,0,0.437272727,7,956.8197584,1059.227492,0.903018722,0.854199734,30,0.127272727,0.155909091,0,0.5,0.5,2819.422924,7509.97804,385.9553466,912.4491804,1.900609328,1.459343012,0.282993275,0.217290451,1.302373268,1.943031055
30,732141043,126.6266327,-448.861236,-197.2663438,-127.2333944,-322.2631692,-182.0287887,44.55596566,13.93716808,0.758009998,464.5779703,1327.904977,0,0.276754214,0.723245786,10,896.5538186,1112.80774,0.810593516,51,0.413563309,0.679537436,6959.87863,229.3691506,260.0262035,5,364.0252665,679.8314632,0.038599393,0,0.961400607,5,501.7125252,844.0963934,0.784863018,0.604030635,39,0.231872071,0.277088503,0.6,0.2,0.2,4335.114624,8217.73853,1696.328145,537.2763212,1.276224518,1.953285555,0.349857843,0.535463988,0.653373243,0.732771399
31,737159000,114.9886481,-405.1281136,-315.9622707,-209.6968686,-408.8152451,-268.7446218,51.35862731,10.60776485,0.916913991,135.0685627,398.4264259,0,0.662516101,0.337483899,17,409.852954,527.8002961,0.73585454,83,0.074280807,1,2939.455147,62.74962763,239.5932358,2,186.4581066,506.1634093,0.809072978,0,0.190927022,7,375.3518844,529.0793398,0.741469781,1.077389501,36,0.398027613,0.220118343,0.5,0,0.5,3285.302112,11009.76315,896.6730091,458.3075653,0.724390938,0.787149799,0.339005031,0.368375317,0.920270752,2.823652543
32,737549021,67.12974692,-271.8257121,-406.8889687,-404.7595933,-326.8247213,-324.8554722,30.65417012,0,0.592777136,143.7618156,263.9481142,0,0,1,5,293.5351431,421.880849,0.830233971,11,0.352475248,1,641.839366,83.3840681,-34.49964246,3,249.0455276,584.1251329,0.498450642,0.025232404,0.476316954,6,370.1499306,465.9272993,0.805575492,0.614530798,35,0.258964143,0.517928287,0.333333333,0.333333333,0.333333333,3049.863597,5864.619934,971.4413307,612.735361,0.577251144,0.451869128,0.544659378,0.426356466,1.277474181,1.713824452
33,737549661,5.288164148,-52.26019346,-287.9006232,812.007194,-91.48162805,-476.3736916,8.865939315,12.00198679,0.866929304,311.7299025,461.2047842,0.12696611,0.071671802,0.801362089,47,295.5892796,1942.941279,0.70701881,388,0.452164748,0.476163451,18245.2795,53.30210595,-5.70309781,6,234.7668187,209.6723267,0,0,1,9,172.9637002,220.9587317,0.848026091,0.548567954,54,0.429182713,0.779204108,0.166666667,0.333333333,0.5,3450.35531,5968.488051,644.943083,715.2619779,1.327827775,2.199645473,0.675903445,1.11968433,0.603655358,2.126577453
34,737553506,117.3217941,131.9365901,-260.1287732,470.5007522,-68.16600819,-285.6997987,19.00656014,24.89798351,0.401561564,955.5918176,882.1829123,0.102382894,0.00543626,0.892180846,18,556.1914411,857.064723,0.885070353,149,0.47467609,0.229319561,15948.16622,40.6136372,59.26955035,4,348.8538625,681.519922,0,0,1,5,411.9317454,537.1989394,0.824928536,0.724368672,12,0.35624659,0.448445172,0.25,0.25,0.5,2654.481958,6019.117515,666.2064797,842.6248288,2.739232442,1.294434519,1.083212794,0.511876251,2.11616146,0.934276693
35,737792547,40.09872371,235.5825252,-420.2654416,516.3245394,136.7891883,-522.7691884,7.873511417,10.47812923,0.315557373,807.6398854,699.4955232,0.09138774,0.018616021,0.889996239,15,482.5749723,733.4012988,0.893664424,173,0.474144415,0.184655886,16064.1309,46.11278781,114.6124928,7,97.7930207,379.9508395,0,0,1,5,265.4718032,304.8850515,0.879190959,0.678207592,21,0.381390006,0.264215968,0.285714286,0.571428571,0.142857143,2230.695403,4729.179178,579.0814088,846.43612,8.258665901,1.841015864,1.154603366,0.257383352,4.485928699,1.076933456
36,738006528,179.0105831,16.33554634,-34.87633851,610.7155008,-444.1305845,-190.6439751,10.19861168,0,0.521169747,496.5412381,621.9447507,0.278028558,0.107968678,0.614002764,16,396.3061604,745.8760562,0.817013784,239,0.134131737,0.551358821,14850.85189,113.153121,-83.15110071,3,201.2032212,175.7519007,0,0,1,7,334.7461431,480.1239494,0.854457866,0.844378093,27,0.118266979,0.652224824,0,1,0,1228.269993,3214.394011,1362.646314,622.1213587,2.467859287,3.538765431,0.798368726,1.144813913,0.697378601,1.609335288
37,751208741,86.05035168,77.36863727,-942.132045,-578.4725255,10.18820688,1269.248183,9.785421394,0,0.291831312,915.2046768,1325.585657,0.042543902,0.040846027,0.916610071,16,760.0178046,1117.502534,0.835954166,381,0.463568449,0.326428641,29084.95535,19.13774358,128.1799253,3,107.2834533,708.3361858,0,0,1,3,419.8512488,474.311137,0.882029933,0.874412934,15,0.326275265,0.246871992,0.333333333,0.666666667,0,2644.781823,7306.560665,565.1409162,1447.253411,8.530716048,1.871407509,0.690415344,0.151458383,4.558449193,1.309955595
38,758286002,52.33617646,-485.6632709,-84.82602495,-406.0434008,-258.4542323,-234.6283899,23.97741279,21.01216039,0.655738973,221.3223357,523.1553824,0,0.434343434,0.565656566,13,547.0834061,823.482119,0.736763794,63,0.332386364,0.936237374,5151.899616,13.73616392,-33.20431239,2,50.83793695,161.4713504,0.399558499,0,0.600441501,7,100.0229935,116.0698742,0.849984671,0.973178821,26,0.362030905,0.419426049,0.5,0.5,0,564.7606012,1786.268249,497.2250153,317.2520274,4.353487749,3.239926966,0.423052774,0.314841839,1.343699347,1.222849914
39,758308097,10.43561668,325.4647615,1004.619363,1977.227586,-751.2863499,342.330224,18.36510091,0,0.337396517,728.2906887,717.5031502,0.296482055,0.015473269,0.688044677,15,574.3873006,685.5894524,0.862121075,481,0.464731619,0.225518443,38617.52536,31.67123226,30.59410749,5,450.9885663,296.1143109,0,0,1,4,305.8920776,352.1737061,0.87888508,0.620755241,31,0.456035768,0.414307004,0.4,0.4,0.2,2706.325743,5316.85041,410.545563,684.4439096,1.61487617,2.423061378,1.015034831,1.523021852,0.666461108,1.24554848
40,758308134,66.50948481,-953.5471232,-552.3329366,170.2081962,199.327111,-127.5079031,51.93937325,0,0.863447948,336.167087,1382.673166,0.027088036,0.724344504,0.24856746,19,1169.298488,1302.452402,0.784224435,357,0.420906407,0.829310644,14908.29463,17.70337878,2.348552712,3,55.05362949,165.0396652,0,0,1,6,90.82261596,146.0450483,0.804754756,0.567139561,21,0.341935484,0.686021505,0.333333333,0,0.666666667,581.6962486,1031.444781,441.5715957,669.499586,6.106174836,8.377823382,0.24312838,0.33357817,0.728849793,2.39464009
41,758996755,152.9629586,268.9504556,-436.7917558,-461.588701,-332.4541739,-209.5670413,5.887224351,16.23227237,0.870533938,206.6583165,528.5959873,0,0,1,10,399.2059188,608.0982508,0.797988304,23,0.141886792,0.283018868,1798.899508,258.5685978,292.6399644,5,530.3123014,556.6264426,0.004791057,0.005057227,0.990151717,5,526.8369517,667.6244859,0.829557944,0.701655253,37,0.438647857,0.338834176,0.4,0.4,0.2,5005.936196,11128.26659,734.4248357,1460.077561,0.389691727,0.94964225,0.390957029,0.952725672,0.410356349,1.278559469
42,759960718,16.56367731,-825.1087625,-24.14719584,-387.6142977,-179.9409697,-226.0876419,43.93320475,16.16049731,0.552047805,325.2557981,1017.516526,0.00865344,0.647952723,0.343393837,13,977.3872531,1178.671548,0.757047112,69,0.426973407,0.849936682,5921.851554,24.93201494,13.63815974,4,60.83095288,133.1973754,0,0,1,4,113.4168521,185.7426366,0.675054724,0.831618036,12,0.369942197,0.267822736,0.5,0.5,0,724.1026568,1902.385312,440.164901,267.4309127,5.346879881,7.639163482,0.319656526,0.456697834,0.699930024,1.165176117
43,760944994,18.86798213,-149.8994185,554.0349876,-767.8858612,192.6208531,-204.7126974,6.836560249,14.58244473,0.58170927,359.9857698,355.1512381,0,0.033342595,0.966657405,20,271.3762239,550.1160139,0.789138499,243,0.460544596,0.734648513,8896.629147,8.136986678,-70.13932922,4,141.2799107,305.3564154,0.027196653,0,0.972803347,4,194.9146626,355.7666753,0.679530132,0.95413359,14,0.469665272,0.328451883,0.5,0.5,0,1204.766387,3626.191387,1238.493806,300.4634492,2.548032257,1.163071153,1.0136126,0.462672155,2.190779344,2.731371579
44,766789211,140.3816804,116.4686088,434.6374501,930.2452777,-392.8379415,-32.96414357,14.43067743,0,0.480538303,759.9535692,950.9712992,0.244043824,0.008811083,0.747145093,25,651.7290364,1043.633219,0.843055781,383,0.480725755,0.492667092,24675.3644,64.21258022,-232.0981794,7,238.462759,446.7420638,0,0,1,2,348.5350298,565.3598078,0.71760781,0.787286003,15,0.454145268,0.657373441,0.142857143,0.714285714,0.142857143,1753.43502,4333.869411,397.2184944,601.903064,3.186885753,2.128680902,0.799134075,0.533781746,1.497117652,1.552155396
45,766791643,22.12039349,-141.2483997,1300.64252,220.8497631,-12.33681418,223.9720418,11.51636864,13.09643971,0.751419656,498.1892414,958.888304,0.013905368,0.11565659,0.870438043,21,598.6135353,1176.202799,0.839340666,543,0.430734184,0.522139433,29236.9173,45.40296414,16.33427887,5,186.803619,587.6098733,0,0,1,5,315.6390094,399.5933797,0.826178276,0.887362374,29,0.459390863,0.679187817,0.2,0.6,0.2,2613.384938,7282.174275,1821.413826,436.1559321,2.666914292,1.63184512,0.519548773,0.317904153,1.634293758,1.857240948
46,766984328,1.219608141,63.92063358,-745.6306452,379.3207989,829.6434834,-472.6272468,14.09244136,18.5690679,0.392912258,522.4651986,506.672441,0.425390542,0.286774581,0.287834877,32,325.3067647,1667.372504,0.680544409,313,0.427299074,0.402558846,20602.43298,13.37217425,24.1844765,6,84.25136007,79.71910676,0,0,1,4,84.85008194,100.0285283,0.855910458,0.902557376,18,0.37755102,0.323979592,0.166666667,0.833333333,0,545.2902138,1517.81121,729.1490168,924.585808,6.201267234,6.355721503,1.031169561,1.056852786,0.975698389,1.519238045
47,767084655,35.47057506,-89.85036828,1887.341528,1324.54228,-987.8917865,971.8339804,12.78649852,0,0.298018676,424.7611073,963.5999463,0.275695531,0.125671723,0.598632746,34,529.1728372,1767.321081,0.715573604,711,0.328889191,0.482212094,42362.82977,19.49867766,-75.15443175,9,148.0815771,196.666046,0,0,1,5,166.5236024,193.2788474,0.867220123,0.918025244,33,0.230831316,0.677158999,0.222222222,0.666666667,0.111111111,1823.820368,5244.516713,1378.564129,495.7506229,2.868426415,4.899676207,0.440806487,0.752959548,0.585431831,1.678358136
48,767801031,47.9444438,-492.3056829,542.4043827,593.7453302,-180.4814035,61.15630806,27.4257655,11.5729659,0.6084202,352.5956393,1038.104693,0.079529737,0.413151222,0.507319041,21,765.9668023,1105.532258,0.738852258,509,0.495792992,0.614972337,23752.44339,47.59098029,87.26048897,8,73.18882639,285.1825811,0,0,1,4,199.4865469,279.7103515,0.845748735,0.988919665,16,0.280884265,0.252275683,0,0.875,0.125,1004.273645,3108.36524,919.3833724,505.4941836,4.817615703,3.640140604,0.339653256,0.256638488,1.323469675,2.14293743
49,770249617,181.4519509,-1156.1373,-453.8355253,-389.1003507,-271.9210026,-67.97839687,140.6829759,24.87184832,0.890592019,319.1806096,1131.681756,0,0.830085737,0.169914263,14,1156.225137,1520.62662,0.69463765,49,0.124707716,1,5179.781607,46.88936808,-194.8736342,4,239.4563634,528.6389739,0.295188557,0,0.704811443,5,364.7160275,486.714166,0.855449348,0.668875746,24,0.433029909,0.749674902,0.25,0.25,0.5,2024.056092,4239.896139,678.1780702,353.8755367,1.332938516,2.140745976,0.282040961,0.452967668,0.622651417,0.945985829
50,770559860,119.6050273,-160.7345833,1033.534281,-1037.052121,533.4342497,-309.4537354,10.66644902,0,0.562519082,445.3183713,662.8041488,0.017793084,0.179652748,0.802554168,24,418.6369291,1095.104391,0.763513196,431,0.470512269,0.608121682,19223.39519,131.7061912,82.92578912,9,322.1778471,331.038032,0,0,1,5,280.6729982,327.624344,0.884486931,0.888118036,51,0.461840228,0.101997147,0.222222222,0.777777778,0,3642.009799,10121.64023,516.6287711,269.5390949,1.382212884,2.002199399,0.671870223,0.973235145,0.690347268,2.242059718
51,770622754,30.73061036,226.6243034,-753.9807676,246.598373,650.5803393,319.9494646,17.517725,0,0.315597785,949.3291616,1033.375254,0.076224575,0.007731424,0.916044002,31,713.6826232,1530.876543,0.850980479,307,0.477428394,0.568233707,27709.20928,23.21939522,-13.72064863,5,359.6974923,661.2700675,0,0,1,5,345.5805551,444.5700033,0.818705669,0.756508315,43,0.292890995,0.352132701,0,1,0,5593.929629,13268.29711,601.5888145,995.8969708,2.639243203,1.562712884,0.918668371,0.543949454,1.688885547,1.1079349
52,786447528,164.2559875,103.9982018,-530.5259407,2386.973346,1497.609972,-645.5190317,8.685773388,13.9476274,0.252828108,1228.618368,957.4771978,0.039884618,0.042158984,0.917956399,15,727.2178908,914.2204543,0.866404878,415,0.275753037,0.446191823,46887.94064,9.939771203,99.6545485,4,192.5775119,594.021356,0,0,1,5,366.278565,419.2850966,0.820419323,0.792334128,26,0.495344507,0.308379888,0.25,0.5,0.25,3313.27974,8237.938586,627.5622064,813.730676,6.379864169,1.611856524,1.283182901,0.32419291,3.958084405,0.885088989
53,793395012,14.52032663,-688.8828801,447.9927384,-487.5362134,165.1955287,-186.1663554,19.14823284,18.55571159,0.571871381,460.182447,1149.703742,0,0.1680101,0.8319899,19,920.5590204,1479.853993,0.755160361,179,0.460716714,0.404001165,14299.67505,5.986110869,-55.16992276,6,230.1729535,549.2930482,0.015644556,0,0.984355444,6,319.6366487,385.9081571,0.826717418,0.743706521,30,0.476220275,0.503128911,0.166666667,0.666666667,0.166666667,2030.806231,4758.871504,400.1133876,398.8091045,1.999289838,2.093060791,0.400261763,0.419034893,0.955199126,1.251776697
54,797048104,257.8798371,168.3316862,-501.5370487,-527.2234284,-441.1186458,-170.4425965,42.89342356,31.6741619,0.741804358,891.7730092,1127.54391,0.072557415,0.15998443,0.767458155,16,713.080822,1309.373489,0.771479561,185,0.33312573,0.769248735,19359.44338,33.33968493,40.66177711,2,329.4648793,690.9952331,0,0,1,5,400.9442264,574.9082464,0.781875417,1.100468902,20,0.435560859,0.423031026,0.5,0,0.5,2334.395715,7967.342684,946.6182802,1733.511976,2.706731628,1.631768001,0.790898697,0.476797615,1.658772342,0.955605987
55,799031221,369.5814995,-1259.310356,-423.8665446,260.708658,40.15484244,-161.7593787,57.69745269,16.19995549,0.41646562,931.4846603,1531.498628,0,0.331013484,0.668986516,13,1436.603703,1768.626661,0.738201483,117,0.165811222,0.859156155,17593.76645,49.99001799,-5.838540284,4,368.9585997,804.7655003,0.084783829,0,0.915216171,6,481.4131886,743.7976664,0.724659435,0.838882643,46,0.377877597,0.600505334,0,0.75,0.25,5411.504893,14240.1659,1120.019718,571.3207628,2.524631926,1.90303713,0.608217757,0.458467218,1.326633037,0.665008259
56,805772880,90.01024745,330.6188942,-959.7554545,-662.6902832,-266.6071853,1307.49718,23.9946558,0,0.457403506,1188.985432,1340.681781,0.076414912,0.063820746,0.859764342,20,845.1808427,1099.520971,0.894076763,397,0.369287232,0.771296117,34608.85412,140.3064714,-74.05845541,7,344.0141884,574.6692732,0,0,1,6,336.7777123,374.7123009,0.882423114,0.810117468,47,0.414358264,0.460295476,0.142857143,0.857142857,0,5270.13123,13393.81263,380.3233332,1423.327237,3.456210447,2.332962355,0.886851339,0.598629863,1.481468589,1.1471053
57,808920264,138.3774299,-706.2177949,-46.84131745,-155.1571316,15.90046464,-53.45724861,63.70794883,0,0.814232502,262.3202288,1374.122326,0.184049616,0.539919637,0.276030748,15,1053.876743,1221.797173,0.835750076,201,0.332023061,0.641771488,16402.25449,59.09844947,40.76866723,4,82.70269545,266.0249492,0,0,1,5,159.5774659,211.5600701,0.73645832,0.874567435,20,0.146560319,0.304087737,0.25,0.25,0.5,1488.559551,4034.822663,576.2992153,473.2671515,3.171846182,5.165388924,0.190900201,0.31088323,0.614057572,1.225441296
58,811984547,104.7736119,374.9635292,-992.7998479,398.5007974,1074.704481,520.7298026,29.65930965,0,0.18597659,1422.51525,1488.519176,0.318392467,0.017350684,0.664256849,28,1059.382558,1701.682085,0.801479613,313,0.388351314,0.227264301,34486.41078,49.2478633,-129.6535861,6,312.2937271,714.9005649,0,0,1,4,425.2201221,540.1760807,0.835937575,0.634914395,32,0.459721381,0.325560267,0.333333333,0.5,0.166666667,4027.83581,8023.372181,1216.892381,1223.434266,4.55505547,2.082134564,0.955657994,0.436835194,2.18768544,0.907603873
59,819185246,136.0235813,5.038290987,-673.1477744,-637.8500719,-514.4153114,410.3300069,6.947805107,0,0.367590227,554.4961342,595.9832536,0.064308312,0.070175439,0.86551625,41,434.1883428,2301.980724,0.698904932,485,0.281818182,0.561454545,29593.27954,54.64175381,-14.31806329,7,245.5507112,260.5287538,0,0,1,6,171.2304998,210.5431032,0.870727914,0.82540124,85,0.338923213,0.650485437,0,0.714285714,0.285714286,3375.725681,8793.519134,1499.323647,1647.095028,2.258173603,2.287591081,0.930388783,0.942509061,0.987140412,1.63888561
60,819194697,14.01011962,-320.6495208,-287.471671,-6.669826078,-352.1559498,-273.3434478,12.98112278,58.93397709,0.739328586,189.9437377,730.7912067,0.003078276,0.222295515,0.774626209,21,541.284356,1189.608954,0.839029573,67,0.40171504,0.667326297,5937.125153,85.88713594,-29.01267071,4,276.8390632,410.9745334,0,0,1,6,235.1332156,423.1125188,0.637471377,0.821754183,26,0.466196355,0.440329218,0,0.75,0.25,2332.555524,5990.225035,1087.210583,597.1467106,0.686116098,1.778190976,0.259915193,0.673616102,0.385850624,1.128492297
61,819200626,106.2638024,28.03567539,750.4222315,984.7245426,-763.9567061,313.1139728,10.1134199,17.75759768,0.701544735,754.9485626,848.455112,0.037374066,0.051619543,0.911006392,18,492.0689417,856.1718041,0.866222951,341,0.466796663,0.588885278,24376.12074,81.95675221,-15.46383045,5,260.1566104,537.7566188,0,0,1,5,299.7338988,393.2564847,0.802667543,0.904425244,33,0.44669545,0.44071737,0.2,0.4,0.4,3701.416874,10473.49522,1374.926803,518.254133,2.901900365,1.577767864,0.88979199,0.483781327,1.839244182,1.398910038
62,819206421,181.7754553,158.6201966,-537.4983651,103.2280539,218.7207265,-470.5127079,14.7781139,22.78289268,0.374530234,533.1850446,651.3582919,0.263835435,0,0.736164565,16,431.7803827,717.804052,0.886319668,143,0.353815528,0.415660252,10543.34697,152.8492061,-151.4684753,6,334.2544245,389.2474336,0,0.018716578,0.981283422,5,289.2303506,431.073044,0.799760656,0.956208882,26,0.340641711,0.653475936,0,0.666666667,0.333333333,2490.804002,7387.976944,1330.514453,877.2596238,1.595147306,1.673378514,0.818574126,0.858719662,0.953249544,1.356305549
63,819209252,139.4318047,-32.47991982,464.8525703,-138.6326537,-330.5968366,47.51672719,29.05425347,0,0.724730744,645.3841849,804.2232632,0.133463542,0,0.866536458,12,506.6312284,878.304617,0.824035002,106,0.416232639,0.277886285,12261.78611,15.37935221,-168.9846575,7,149.8956232,699.6810029,0,0.009548611,0.990451389,2,465.1283028,586.9596699,0.840801942,1.293078414,11,0.3984375,0.720486111,0.285714286,0.571428571,0.142857143,1453.424495,5756.075514,878.0663218,534.3344588,4.305557235,1.149414176,0.802493803,0.214234233,3.745871006,0.864474384
64,819213795,316.9731591,-470.457214,1097.666494,-706.1989494,411.6320591,-63.67865746,17.86013791,16.97265056,0.653737286,1092.831019,1109.268336,0,0.062959694,0.937040306,12,817.5030435,1589.236513,0.831668982,121,0.384304207,0.217931745,18150.56406,276.7484213,108.7547684,5,684.1615187,685.9715755,0.019282684,0,0.980717316,4,525.4141101,732.2160678,0.815127912,0.923638344,21,0.443501735,0.511762437,0.2,0.4,0.4,3298.463605,9542.58844,1132.179409,440.784005,1.597328977,1.61707624,0.985181839,0.997361324,0.987788292,0.666645949
65,819221461,77.83352221,-14.89778453,348.0818731,671.836642,-164.8402982,-99.11361569,13.40140044,0,0.653894398,898.3413315,948.941044,0.248028318,0.04607837,0.705893312,13,584.0970986,983.6388673,0.859468728,203,0.388871639,0.514624604,21584.30687,110.6064793,-155.6347393,7,309.5655899,440.4855853,0,0,1,3,309.4038615,365.0891197,0.857313495,0.997717379,17,0.327974277,0.621650589,0.142857143,0.857142857,0,2515.04344,7901.458526,675.0422291,598.7355315,2.90194182,2.154306692,0.946677707,0.702782566,1.347042105,0.940498118
66,819770858,45.45909929,-715.6062918,658.7404017,144.5765925,88.39613946,242.7874466,49.26099269,0,0.678641162,332.7818677,1390.233564,0.013813876,0.541078106,0.445108018,29,1068.13971,2044.212348,0.807944911,361,0.415299128,0.686746988,24234.03888,11.29427777,144.5305278,7,104.7191686,324.4066394,0,0,1,3,235.296946,303.4851244,0.809950809,0.638874098,21,0.306277056,0.204545455,0.142857143,0.714285714,0.142857143,1132.021943,2272.030417,1098.382834,405.6103388,3.177850552,4.285465817,0.239371194,0.322802174,0.741541454,1.489640261
67,819891764,160.2195846,-1631.547577,319.3365927,-376.0494551,-12.56287866,-155.0464625,58.42389568,23.56598999,0.644861784,977.0552788,2343.683447,0.168088609,0.3675348,0.46437659,20,2004.232522,2190.619896,0.842429731,143,0.477323754,0.556204161,17785.73704,110.0011483,-56.82037159,4,406.1100985,371.1895668,0,0,1,6,328.9163215,456.2920152,0.806605528,0.977832317,28,0.432805314,0.366377108,0.25,0.75,0,2721.277684,8348.214523,995.731969,341.1081063,2.40588767,6.313979855,0.416888757,1.094077352,0.381041392,0.804015036
68,835674226,24.45551676,-382.491134,-642.6960267,-560.1129724,-263.1641288,435.9397831,20.36681549,13.06231662,0.100852778,506.6406913,716.1059977,0.179522256,0.345259392,0.475218352,17,587.3489557,943.5892334,0.878377763,219,0.390192571,0.59444386,14079.3731,49.16005248,-58.63401653,5,118.6552166,172.3019116,0,0,1,4,182.7977243,256.74278,0.890384712,0.97638356,13,0.293628809,0.398891967,0.4,0.6,0,489.867799,1491.010593,540.3050595,1367.322441,4.269856023,4.15611174,0.707493992,0.688647128,1.027367956,1.555466983
69,839239569,325.675157,-290.1922381,300.3291801,-301.3040597,-272.6522132,-57.61286973,24.38597167,0,0.63003426,743.6852407,537.1425899,0.03718593,0.755348169,0.207465901,19,544.2398879,936.4760779,0.831293767,133,0.328068916,0.848959081,8986.698043,3.623952226,17.73878902,5,87.68402478,75.07463232,0,0,1,5,66.91695426,130.0643603,0.777489214,0.991443378,17,0.470066519,0.490022173,0,1,0,603.226116,1899.235271,871.4377304,312.8049776,8.481422272,7.154781493,1.384521084,1.167958098,1.185420167,1.479965159
70,848565246,563.7832303,-188.414468,871.8204304,-62.70183461,7.964530011,11.77670704,13.38233898,0,0.42312763,1624.58631,979.7058759,0,0.173308678,0.826691322,9,1117.859749,1491.73067,0.815718442,107,0.470126889,0.339157049,21121.82065,247.1632868,380.5839901,8,414.3846603,712.6694739,0.09530543,0,0.90469457,3,581.0774343,889.4060164,0.736558892,1.108897542,20,0.408371041,0.261029412,0.125,0.75,0.125,4591.072823,16131.03115,1393.042557,500.6836071,3.920478883,1.374698807,1.658238814,0.581454202,2.851882071,0.506585118
71,848610436,143.7401912,-649.4124491,-528.0644311,-264.640268,16.24038213,-303.2173988,21.64415041,23.49263585,0.863522095,246.0647556,642.295798,0,0.142487047,0.857512953,13,688.8941095,1009.930518,0.650597565,89,0.220913801,1,6184.054752,3.532828862,-168.6051194,4,197.9350764,474.6590884,0.242446573,0,0.757553427,5,360.8983601,492.9360145,0.727227681,0.793248228,24,0.407885041,0.780029477,0,0.5,0.5,3696.967201,9187.730251,1348.406508,800.9621007,1.243158919,1.353172864,0.383101923,0.417004712,0.918699268,1.439185188
72,848629140,164.3302853,51.8327909,79.03352552,-520.2864986,-191.2195636,-220.552989,4.949782302,10.69182173,0.760211005,446.1860461,640.4859028,0.026204394,0.059060673,0.914734932,11,387.3762426,776.4235005,0.828622299,77,0.447490425,0.243902439,6117.020807,6.674727194,240.8833332,3,162.7694933,393.8769198,0,0,1,4,318.991414,405.7143858,0.806645102,0.78472197,11,0.359090909,0.123636364,0,1,0,1322.518166,3278.297166,467.6269673,415.3694827,2.741214198,1.626106712,0.696636794,0.413249635,1.685752958,1.258782705
73,848636884,591.6361697,92.61769386,973.3689217,-545.2787749,41.47475486,101.7024706,23.09013968,13.36791043,0.256845508,1719.093016,471.3699109,0.629729261,0,0.370270739,14,1161.550136,1434.049018,0.786546315,179,0.465878148,0.187968005,17355.38172,160.7729952,-246.1948077,3,369.0704947,384.3583753,0,0.141535615,0.858464385,4,348.2540514,570.6487527,0.727862245,1.079571834,13,0.310823312,0.685476411,0,0.666666667,0.333333333,1551.126618,5109.223422,723.4846134,452.2522882,4.657898804,1.226381266,3.647014746,0.960224932,3.798083788,1.031380369
74,848672037,714.7694377,-70.27648069,672.7455997,-664.7744243,112.2879124,-94.16129201,2.923796632,22.66997823,0.748841663,1508.743289,685.5940704,0.000331895,0.110410444,0.889257661,12,1143.489539,1555.81138,0.81536564,91,0.371877602,0.300999167,13501.20432,11.00587094,127.3924248,4,811.1535415,466.1672416,0.02735426,0,0.97264574,3,494.0714173,726.7172846,0.744950169,0.858611839,12,0.325560538,0.409865471,0,0.75,0.25,2985.08525,7859.268843,1015.695078,375.0722827,1.859997167,1.470704093,2.200636432,1.740048354,1.264698436,0.674013946
75,851002859,156.1498296,-63.57936088,65.94313121,169.3300546,-332.9600696,-41.35155676,16.26655785,25.2384034,0.043317518,1090.339513,797.580176,0,0.090185128,0.909814872,14,643.4212325,1148.467217,0.845780597,127,0.448960596,0.41069397,13398.52601,78.28521886,251.9764713,8,526.8864138,706.9920289,0.035637919,0,0.964362081,6,486.4856278,649.6680663,0.699574106,0.82621997,18,0.388809694,0.281539558,0.125,0.75,0.125,3804.770834,9965.527905,2154.589412,633.3612088,2.069401458,1.12813178,1.367059445,0.745250855,1.834361459,0.947865459
76,855332601,84.65563855,-161.1924004,1356.653596,744.3006847,-738.0465366,642.154153,13.44539205,11.16665045,0.615235342,472.3685428,799.9776817,0.170866511,0.279625293,0.549508197,36,482.573311,1746.639016,0.641416336,337,0.32028103,0.606838407,31216.13478,5.388793152,-16.66188697,9,121.7563461,168.3568022,0,0,1,5,100.3200617,175.3540095,0.762107106,0.758755699,55,0.487341772,0.466772152,0,1,0,1737.970919,4166.557434,803.9916468,455.9177028,3.879621539,4.751680189,0.590477152,0.723204198,0.816473623,1.079569916
77,855354446,8.124813277,-310.7322621,-409.8846956,-332.0358608,-287.7874597,-346.5640906,41.32213555,0,0.540997888,121.9514363,309.5576178,0.006264683,0.468285043,0.525450274,8,321.1504657,538.9635087,0.675452138,21,0.089271731,1,1722.467648,6.214539838,263.2824911,2,90.5693678,639.8149276,0.5777332,0,0.4222668,4,522.2740226,637.7635645,0.798506964,1.076536856,16,0.439317954,0.4222668,0,0.5,0.5,1349.734028,4780.552331,717.9640282,608.3871383,1.346497599,0.483823688,0.393953918,0.141555572,2.78303364,1.219181099
78,855460302,25.24503879,-5.3195957,475.840567,1231.827924,-911.0718636,239.3839484,20.48398643,16.20743401,0.283093297,1277.075849,692.3299293,0.220764964,0.000115554,0.779119482,19,664.6996793,1269.748447,0.797202117,271,0.424548902,0.235662568,24395.90505,124.0627799,-248.6378547,4,204.0265096,558.2135342,0,0.040358744,0.959641256,3,406.498909,511.3960729,0.794975672,0.832855464,14,0.2122571,0.652466368,0.25,0.75,0,1707.113298,4436.106142,1443.123934,646.9716494,6.259362332,1.24026002,1.844605866,0.365499038,5.046814563,1.110842166
79,855488261,203.5947268,146.8795665,-760.865328,-497.821492,-125.634008,406.1072937,33.69047223,23.32264103,0.264640765,1225.806784,1757.657044,0.24214849,0.095244762,0.662606748,17,968.5579629,1678.958399,0.801791237,250,0.491063512,0.417751645,28388.05685,28.9006699,84.84454729,2,373.9356557,665.1819556,0,0,1,8,387.3903365,450.1259767,0.838960023,0.837457136,50,0.493497833,0.548182728,0,1,0,3710.675971,9853.389734,1240.874288,1686.020656,3.278122226,2.642370301,0.697409536,0.562155441,1.240599103,0.880652034
80,855540802,71.60644846,122.339066,-437.1825893,-373.0642668,-245.2133964,-242.8124606,26.81975489,29.16092452,0.833696199,254.3433418,1039.727495,0.321960596,0.289283998,0.388755406,11,605.3829486,929.0614603,0.863162648,29,0.164824604,0.599231139,2799.370995,27.15952223,-133.428041,4,116.7167405,240.4401165,0,0,1,5,187.5309695,226.6450602,0.806290287,0.961038989,16,0.224264706,0.65625,0.25,0.5,0.25,736.0397376,2234.813012,617.7208375,949.9494371,2.179150486,4.324267972,0.244625003,0.485429562,0.503935117,1.035947006
81,855760595,9.893074865,-376.8625585,762.1655515,1296.355545,-507.478681,284.5670991,13.08573346,16.90788234,0.701398054,905.4414868,1196.738745,0,0.07049209,0.92950791,25,810.2433916,1028.640455,0.863053066,467,0.463202517,0.442487545,30632.99202,54.36946568,229.9456145,5,368.7416146,786.1396942,0.070363165,0,0.929636835,5,534.6325776,661.5405211,0.846999949,1.112986378,21,0.4730869,0.329766537,0.2,0.6,0.2,3768.744202,13150.3696,739.5151899,610.2568328,2.455490378,1.522297823,0.756590769,0.46905355,1.613015759,1.52450012
82,855783147,143.7321636,-706.5502021,153.0795395,-274.1754452,251.8687522,-87.19927169,64.86086787,22.76365826,0.688177601,523.9512856,1342.793247,0.017750272,0.499523939,0.482725789,16,1084.940437,1332.931988,0.810972317,225,0.230005441,0.642206202,19257.19555,7.011034209,114.2566521,3,178.0196211,433.0384811,0,0,1,9,273.7244568,410.778945,0.717021627,0.832969478,45,0.44637574,0.166050296,0.333333333,0.333333333,0.333333333,3350.42865,8769.565281,1090.100573,352.4231329,2.943222114,3.100863562,0.390195056,0.41109423,0.949162082,1.168394429
83,856015279,33.02775169,-78.18729692,913.9224856,-167.0463087,-52.23128964,101.6182807,7.868290651,0,0.471281715,1002.407139,600.1482585,0,0.047843368,0.952156632,31,572.6500965,1687.568335,0.84185066,247,0.466383477,0.334773693,18736.76266,86.10015632,64.07926726,4,443.6684373,431.7860316,0.012042819,0,0.987957181,7,341.1101458,408.6137176,0.83948529,0.519584158,28,0.293041927,0.43264942,0.25,0.25,0.5,3311.029596,5356.097663,682.1078187,474.0621614,2.259360943,1.389920504,1.670265846,1.027519199,1.625532494,1.318264016
84,864072789,53.47886311,-87.65716577,-348.0425071,768.5339813,532.2517711,-324.3210034,21.66179179,0,0.644242247,890.0792156,948.1913979,0.085832126,0.156894438,0.757273437,14,606.6837419,854.4713106,0.850319338,335,0.47324713,0.675454241,25749.02036,57.52240496,-29.74017885,5,227.1875337,430.5036388,0,0,1,6,368.1900982,524.2749365,0.791326163,0.93964901,33,0.449852507,0.540314651,0.2,0.4,0.4,2901.877333,8548.334202,1602.095586,708.2503053,3.917817149,2.20251657,0.938712603,0.527725002,1.778791226,1.30102037
85,868145983,86.84742449,384.8551079,-716.4207101,-509.4738308,-102.4900124,526.6943131,3.585712028,0,0.358165755,398.6255897,677.4008112,0.018630455,0.013910739,0.967458806,20,539.3194503,919.1184124,0.693213312,451,0.400761779,0.192928707,20118.6563,77.07937804,291.552307,3,188.0029669,515.6938186,0,0,1,5,405.9994452,527.0026205,0.780354057,1.032480574,35,0.493917275,0.195863747,0,0.666666667,0.333333333,2280.989727,7366.733616,806.3079502,1567.167899,2.12031542,1.31357171,0.588463408,0.364563158,1.614160387,2.241700406
86,868240930,175.5926963,148.918678,-253.4404028,-711.0667468,-349.4279155,-741.8489799,23.07931113,14.79536395,0.225472377,752.6873498,201.0901563,0.790314634,0,0.209685366,32,483.219006,1560.202164,0.778216677,377,0.382628282,0.019356655,19800.43361,14.00607169,-16.19111561,4,110.159933,128.886187,0,0.333333333,0.666666667,5,83.34527097,109.1843564,0.886023602,1.056875924,26,0.347079038,0.441580756,0,1,0,762.7003272,2542.881009,898.3695568,262.2179962,6.832677992,1.560214954,3.743034287,0.854707053,4.379318359,1.903998707
87,886539074,129.5309185,-64.97387934,-184.5029214,553.3679054,-441.1796472,-292.5249532,6.285058994,20.8670552,0.596147653,424.9141162,502.8072827,0.143683177,0.123718089,0.732598734,18,362.1238194,977.1472777,0.668530966,190,0.314750164,0.581496836,14321.98333,60.7198963,-36.16317819,5,172.4687279,193.1531621,0,0,1,6,188.6715658,246.9434765,0.858142872,0.771663149,63,0.203539823,0.601179941,0.2,0.8,0,2725.900061,6608.058435,734.3114427,644.2905734,2.46371688,2.603153255,0.845083456,0.89291175,0.946435587,1.326631903
88,886544038,41.79156054,-194.1075837,1919.891574,-324.3695691,154.825949,440.586124,6.904616057,8.86214686,0.605216531,1029.443956,771.1974269,0.109568689,0.00376062,0.88667069,13,585.5212312,934.6932623,0.784534237,201,0.485120015,0.408375505,28618.86496,43.32497654,-243.2437935,6,492.3798392,571.6875477,0,0,1,3,470.7961547,714.4265521,0.70785792,0.894602727,14,0.491433724,0.473850316,0.166666667,0.666666667,0.166666667,2922.094852,8203.751431,746.5095239,412.9405393,2.090751639,1.348984126,1.334864355,0.861274382,1.549871195,0.702333934
89,886547084,126.3438255,-388.1774768,418.0730713,-337.7092939,-241.2518925,-9.618315745,17.47618721,8.469316291,0.928649474,654.6272296,782.152347,0,0.103835478,0.896164522,14,640.5262719,823.6823265,0.827405054,115,0.492682311,0.866641433,10294.64074,2.494049745,5.756646946,5,442.4510465,586.1029224,0.13478769,0,0.86521231,4,365.669719,527.0604952,0.681183115,0.819750556,17,0.463576159,0.487339307,0.2,0.6,0.2,3107.583011,7940.384859,808.952025,307.0840403,1.479547251,1.334496583,0.836956166,0.754903328,1.108693173,1.117086093
90,889787076,45.4639094,419.4482625,-884.7883984,-505.6994867,72.2768905,1014.62994,31.84335621,0,0.524570167,346.5849632,951.6309641,0.384130912,0.026823371,0.589045718,27,696.6320399,895.3318396,0.789887084,657,0.278524433,0.206882978,25875.91893,31.6215608,33.35211085,5,139.235275,287.7190559,0,0,1,5,170.594567,195.0657576,0.863571483,0.802206065,39,0.458362989,0.511032028,0,1,0,1805.632839,4550.264319,520.4477973,1476.828823,2.489203711,3.307500649,0.364201015,0.483927888,0.752593567,2.539040263
91,893412652,60.77193463,359.8774276,-486.2802587,-530.9187294,-494.8264443,-342.2915621,10.0638907,15.5958139,0.409980088,965.7463934,710.8687484,0,0,1,16,623.7644163,1329.898169,0.802030111,257,0.348035238,0.205343688,24963.44379,40.49833009,231.3150908,3,347.2295042,888.5055335,0.015346839,0.002762431,0.981890731,6,615.9080749,716.3601233,0.803372447,0.864917985,27,0.454266421,0.326580724,0.333333333,0.333333333,0.333333333,4263.321937,11469.42689,1217.873951,2068.908876,2.781291283,0.800072393,1.358543888,0.390801735,3.47629953,1.029505393
92,893503755,35.14450441,215.8588935,1336.064959,843.1595681,251.9102402,330.3601465,42.63097411,13.15445634,0.117853869,803.3548405,846.2912723,0.104573991,0,0.895426009,19,606.7317823,1157.790059,0.833614797,477,0.42173991,0.189452915,38690.674,62.2745675,29.16363362,5,633.3582569,718.96315,0,0.007453152,0.992546848,6,386.5833292,482.0069567,0.766095095,0.793062033,35,0.498296422,0.545783646,0.2,0.8,0,5935.029003,14836.89136,1411.158038,773.1931899,1.268405096,1.17709965,0.949265184,0.88093285,1.077568153,1.232855235
93,893647190,20.79112369,-523.3355126,-21.83127525,-123.8985066,5.288737372,-62.76871059,58.6477553,14.46243543,0.3968321,335.3256451,1323.641728,0.152036959,0.510037799,0.337925241,18,925.0087806,1273.808184,0.818627298,229,0.316757665,0.695338093,15807.09104,0.165566198,78.81622846,5,200.1342238,374.5454306,0,0,1,6,239.0160859,293.0970211,0.756227748,0.828586304,47,0.492466638,0.453723633,0,0.8,0.2,3057.225611,8039.719772,991.7107256,397.9603276,1.675503763,3.533995131,0.253335656,0.534338981,0.474110377,1.448716904
94,893714311,12.76087054,576.8981534,-182.6168518,-563.7465533,-255.3047653,-379.6481479,47.51993692,27.66856744,0.382285253,321.4383802,555.922796,0.594635518,0,0.405364482,15,590.712012,1185.789945,0.796784431,99,0.286826736,0,7317.473171,57.67935103,264.6929759,4,192.1283468,526.1554782,0,0.476828012,0.523171988,5,397.1385147,535.3692053,0.803349197,1.079846266,36,0.453141092,0.421215242,0,1,0,2970.029016,10183.81991,1334.003924,491.4241812,1.673039848,1.056575136,0.578206871,0.365155082,1.583455631,1.35292604
95,894360289,163.4780739,-216.8954077,387.4016552,1216.550238,840.6628619,721.9866397,26.37082723,0,0.210607776,1538.45306,1413.468514,0.056895891,0.134443897,0.808660211,17,853.0849331,1158.073482,0.876578099,433,0.365118442,0.428688659,48876.3518,181.7414561,148.2755387,3,390.9910199,616.5057186,0,0,1,5,385.3480787,450.4167169,0.808080109,0.74463481,21,0.268635044,0.445304937,0,1,0,2574.385318,6069.670072,1023.066776,842.1592011,3.934752927,2.292709494,1.088424004,0.634205017,1.716202135,0.885909001
96,894528079,85.30765307,172.366497,-57.92145052,-526.9975778,-284.1541716,-393.933784,23.7990613,0,0.611618053,435.5505364,822.2511118,0.488519785,0.040058622,0.471421593,15,568.1995502,1002.17703,0.788734898,151,0.260747435,0.169638495,11067.46115,24.27256831,141.1113936,5,165.2810837,455.339736,0,0,1,3,312.5665583,350.3439787,0.854169672,0.774152616,21,0.479166667,0.280968468,0.4,0.2,0.4,2297.744942,5571.288438,587.9183883,400.6959297,2.63521104,1.805796962,0.529705014,0.362984099,1.459306387,1.364359883
97,894610619,52.14087342,-286.1234872,-82.67254183,-111.5996588,-190.0609455,-3.157153676,60.56177711,36.64341758,0.251040854,312.4189333,1666.69808,0.445588377,0.263638988,0.290772635,19,1021.359479,1455.690016,0.813430282,165,0.302030213,0.37688829,13948.0046,61.37645976,24.79629895,3,204.3903122,353.2671642,0,0,1,7,205.7020357,263.8543496,0.781505621,0.988446828,43,0.337392187,0.565195332,0.333333333,0.666666667,0,2622.057614,8112.568658,1909.947054,808.6861471,1.52854081,4.717953574,0.187447827,0.578571497,0.32398386,1.18296491
98,907564709,189.5761444,-57.63930205,3736.383467,-1721.522016,1941.946033,157.0876476,7.261158001,0,0.481969331,554.0874124,481.584904,0.05753175,0.144196849,0.798271402,50,442.4323146,567.6509675,0.694349404,1122,0.253998119,0.288805268,45760.4516,48.44016246,118.4117899,11,166.6721216,187.9493555,0,0,1,5,159.6920924,184.1717029,0.836100991,0.925887143,33,0.251711027,0.168821293,0.363636364,0.636363636,0,1721.24036,4986.272679,890.2125737,360.0000459,3.324415668,2.56231208,1.150549795,0.886792728,1.29742809,2.451898879
99,907584932,395.5295961,-1443.058163,-511.159521,-277.6707619,-25.45711224,63.73272622,84.23828606,0,0.882102482,631.0172329,1440.073631,0,0.548179104,0.451820896,18,1469.646483,1673.121074,0.847622884,92,0.143402985,1,11018.89981,181.8067568,-702.1809586,4,347.3372485,888.8933483,0.22160804,0,0.77839196,22,841.1202727,1214.930466,0.763278766,0.773701313,114,0.234170854,0.774371859,0.25,0.5,0.25,2640.061227,6522.26811,1053.934636,313.7538157,1.816727793,1.620074707,0.438184006,0.390752444,1.121385196,0.834929091
100,907585117,14.74125908,-623.1374701,-230.185552,177.7546229,87.74040716,-240.0019779,48.12169698,0,0.727355226,523.2968616,1396.159479,0.157181996,0.388180039,0.454637965,16,1014.210425,1129.629196,0.752821816,139,0.294559687,0.770332681,17193.56082,47.07480763,-32.31737702,2,224.2915982,455.6345152,0,0,1,4,299.9862985,354.170023,0.879250884,1.017849161,8,0.319956616,0.590021692,0.5,0.5,0,1240.587189,3899.794258,705.3562402,516.8670612,2.333109514,3.064209212,0.374811667,0.492262089,0.761406729,0.808442192
101,907597822,142.7570375,68.26825312,-617.7253445,1963.957287,1251.515359,-812.2134707,10.53317792,0,0.525501689,753.4393027,732.0705322,0.116045895,0.195121111,0.688832995,17,489.6967759,1110.222356,0.671445295,468,0.431623195,0.237673569,39685.36523,111.1808533,209.1548247,3,333.8456243,230.8500073,0,0,1,4,310.4426797,414.6602877,0.759199019,0.492940273,13,0.241706161,0.007582938,0.333333333,0.333333333,0.333333333,1517.6981,2404.670783,782.5208233,873.4825773,2.256849417,3.171195621,1.029189497,1.446158171,0.71167146,1.179276031
102,911028006,56.80380761,-328.5589192,-367.4650947,64.31202756,-236.8510657,-399.4704389,13.94391026,12.67328051,0.65618812,199.5064536,593.7297053,0.046040881,0.551101409,0.40285771,18,511.8958894,599.3487579,0.805814746,187,0.238539393,0.905933717,6512.079947,18.74003588,-27.48704637,4,130.4559288,115.4790443,0,0,1,6,108.2381544,159.0056379,0.725484351,0.894430779,18,0.323717949,0.751602564,0,1,0,841.0813048,2349.473734,467.5586917,635.8130385,1.529301546,5.141449766,0.336022355,1.129693527,0.297445587,2.871586368
103,914354833,86.59966984,-324.2363988,-475.0124073,-530.1774481,-515.3068822,-444.1027425,26.11303395,0,0.233843738,1104.722985,1592.692951,0.049797934,0.298203862,0.651998204,13,1001.070606,1679.149433,0.687029155,247,0.471261787,0.754872025,28734.02697,32.43089756,-110.8178642,4,315.2323546,472.6638376,0,0,1,6,306.3261983,534.7441208,0.613740947,1.132280389,18,0.288077188,0.563059959,0.25,0.75,0,1827.321748,6472.371846,3017.205047,2097.546351,3.504472079,3.369610333,0.693619561,0.666927168,1.04002295,0.859608019
104,914826774,13.23804805,184.6207956,1708.577284,-528.3463686,241.5525721,261.1733512,14.04159475,21.06531455,0.645988662,1239.849207,559.5809722,0.002178423,0.078682573,0.919139004,19,669.6535296,1166.507733,0.773380988,223,0.454408714,0.187551867,26788.01275,209.8988257,316.0289731,6,714.2644762,425.9303622,0,0,1,4,641.4407157,967.4938452,0.768222419,0.922974129,12,0.413881748,0.419451585,0.166666667,0.833333333,0,3166.657267,9122.452519,1160.433354,479.3072145,1.735840502,1.31378512,2.21567435,1.676951304,1.321251455,0.8324619
105,932161443,169.3958624,-897.1521309,-574.7652148,-230.1904291,1.386695347,-113.9067255,133.8576967,20.84729888,0.596492661,234.6770705,1064.435115,0,0.694677871,0.305322129,17,1013.173967,1437.102911,0.758778656,149,0.076697346,0.961051087,12228.96384,214.8254991,632.0457145,4,413.106923,929.8542686,0.551467367,0,0.448532633,6,883.5186442,1134.037879,0.839191398,1.107808789,36,0.326325011,0.282522996,0,1,0,3415.42122,11379.70523,1132.10307,727.0808424,0.568078281,1.144733267,0.220470996,0.44427061,0.496253841,1.218418845
106,941707648,62.57478575,-449.3018606,121.5627392,-67.78758299,-208.2498707,-158.9003139,34.80121562,13.7639527,0.657953452,406.5563396,957.571035,0.07678182,0.41822564,0.50499254,16,719.6582466,1232.260781,0.804551886,139,0.162286239,0.847124986,12742.81221,80.57911372,-152.0044339,4,299.5267926,351.4411649,0,0,1,7,313.9042645,483.6075412,0.755744196,0.87639848,44,0.086051353,0.861554476,0.25,0.5,0.25,3975.092368,11014.31123,963.9727005,309.0302717,1.357328792,2.724697988,0.424570423,0.85228147,0.49815752,1.090811021
107,941862585,482.873298,-515.7985736,187.9914383,-188.7839849,-26.23505956,-209.4131776,47.35789182,0,0.636830565,1175.628013,1305.41342,0.19243614,0.647711887,0.159851972,13,939.9878948,2221.76532,0.807485424,85,0.252188826,0.648704757,14567.33096,76.39504455,146.7806466,2,500.6212815,140.8100553,0,0,1,5,322.9954721,411.2479972,0.799233432,0.79778424,20,0.480976718,0,1,0,0,2284.85238,5699.111509,662.8217896,338.8942475,2.348338068,9.270740056,0.900579077,3.555294971,0.25330643,0.583497418
108,941896404,29.98840409,-24.73567129,1909.130944,-1045.861604,822.8464095,27.2762295,21.75071745,0,0.534676908,754.7790724,603.7671963,0.09553429,0,0.90446571,14,489.5067785,798.2110116,0.82344671,259,0.466932483,0.263955343,25386.53737,83.23033906,-206.0773279,7,355.0326823,553.5008368,0,0.024766355,0.975233645,3,455.5612029,605.0815937,0.813935539,0.820509925,17,0.412149533,0.748598131,0.142857143,0.571428571,0.285714286,2850.708173,7272.862739,1007.752124,375.5155196,2.125942512,1.090815327,1.250116066,0.641431157,1.948948148,1.020225784
109,941919377,35.41310482,-408.7314294,-294.4444595,185.1745444,-169.7052553,20.91349654,35.03322053,9.512906202,0.658416762,530.892885,1183.404358,0.115252294,0.334097859,0.550649847,25,816.8756538,1179.456035,0.810602974,189,0.37050841,0.556479358,15279.62966,11.63897329,-112.4710839,2,364.6317333,450.5971193,0,0,1,4,352.2526378,450.5459895,0.830637484,0.744179365,10,0.499495459,0.503531786,0,0.5,0.5,1277.216997,2981.909055,673.499286,690.6598274,1.455970056,2.626302538,0.448614948,0.809218962,0.554380173,1.236940974
110,960630346,448.8336666,-387.1667818,-176.211719,-161.5506393,-58.3127034,-102.9924567,38.20354501,14.6997933,0.090374009,961.1098162,1287.400521,0,0.285603012,0.714396988,14,882.6419639,1673.102036,0.801812704,85,0.255084856,0.577795051,11298.23619,7.591265243,208.0783976,5,374.2362984,739.5139694,0.010220769,0,0.989779231,5,477.8398272,648.5636791,0.855456056,1.10432727,39,0.405968929,0.584219133,0.2,0.6,0.2,3419.275281,11947.95437,1761.992779,629.9954175,2.568189725,1.740873836,0.746550744,0.506057105,1.475230238,0.75232982
111,960790148,90.20885532,-578.2862477,-487.426754,-393.6416688,-184.4968741,-178.1487238,101.0476827,25.96899559,0.571818906,134.5505102,605.539233,0,0.935983827,0.064016173,11,637.569852,790.5070394,0.798405425,41,0.026280323,0.995283019,4366.312363,75.99867718,258.2647951,2,172.0938697,465.6667565,0.686567164,0,0.313432836,6,364.4520802,560.8897779,0.783802688,0.884687953,18,0.363707777,0.284367636,0,1,0,1919.330146,5375.687874,2083.544366,700.8002473,0.781843714,1.300370328,0.222199492,0.369564431,0.601246965,0.939007487
112,966905488,116.6462466,-765.3766465,-34.72231633,-471.3442745,-107.6033256,-243.6269803,48.57789312,0,0.633282092,360.4189048,1150.721404,0.070109091,0.457454545,0.472436364,17,961.4230719,1360.220499,0.761909408,141,0.455272727,0.520145455,9647.087221,4.356866885,122.1025127,4,81.20950091,184.9329823,0,0,1,4,157.4242086,272.9264363,0.728981156,0.831649416,20,0.288214702,0.192532089,0,0.75,0.25,1127.448549,2955.203359,1161.194216,301.5748893,4.438137173,6.2223698,0.313211263,0.439129353,0.713255129,1.461581063
113,966910744,4.992422229,64.69307587,-687.4929465,627.3261321,838.180418,-36.21622669,9.161741829,0,0.630637748,639.2207123,702.9457584,0.098117761,0.001254826,0.900627413,17,426.0970404,843.8703257,0.890469978,451,0.45530888,0.481611969,30639.50754,18.57540118,-67.56044574,5,246.9407036,464.2315167,0,0,1,6,280.4793038,333.8238424,0.861412959,0.727458092,23,0.440406977,0.421511628,0.2,0.4,0.4,1813.295113,4159.615164,1175.182613,928.4000215,2.588559533,1.514213777,0.909345714,0.531934379,1.709507318,1.471955773
114,967540207,70.33526658,-39.96824626,-348.1637018,1502.725793,511.4357662,-543.1194134,14.83767272,11.84632161,0.245744415,1006.234222,756.2539944,0.014381635,0.190862898,0.794755467,18,579.9027655,845.5172029,0.859171462,285,0.478540967,0.638281463,29127.07691,88.20907754,91.87219794,8,413.2536814,359.2455508,0,0,1,5,260.1922233,373.6776004,0.761346709,0.781126309,30,0.416609472,0.3242965,0.375,0.375,0.25,3648.503077,8982.494756,1070.243507,715.1100884,2.434906856,2.105117218,1.330550621,1.150337646,1.156660938,0.978470998
115,1002962250,165.0579465,-336.2141504,576.0664401,-510.7443706,13.81728864,-125.0202589,25.95106941,15.92957388,0.975844991,461.4988622,626.5170674,0,0.492068596,0.507931404,14,498.1304558,671.5989337,0.801272137,178,0.317256163,0.706752412,12918.97309,2.613958817,142.63944,6,147.9325709,285.0121289,0.084754797,0,0.915245203,7,238.0763668,364.7636916,0.696807064,0.892352541,36,0.376865672,0.118869936,0.5,0.333333333,0.166666667,2572.918004,7217.174483,1194.316096,284.2900276,3.119656877,2.198211949,0.7366102,0.519039563,1.419179292,1.37781849
116,1009830462,349.6083284,-659.4752211,-254.9563136,-526.4478117,-256.39879,-400.4633839,22.77666744,0,0.528740727,1035.69563,803.7692881,0,0.191341409,0.808658591,14,775.7037027,1297.265942,0.829440567,89,0.495065052,0.765141319,6131.259106,78.25379195,-38.17017805,2,418.3735414,317.8858081,0.18235584,0,0.81764416,6,266.912377,375.6427689,0.726112887,0.871003196,38,0.42582553,0.488910793,0.5,0.5,0,2595.738861,7111.212675,1133.111734,147.3426738,2.475528511,2.528484341,1.2885484,1.316112675,0.979056295,1.451577865
117,1025606094,213.8668894,-103.8698143,1189.867833,-1178.875958,751.6766487,-367.4019614,9.270087393,0,0.659244266,1450.499264,585.6522968,0.026375128,0.005398018,0.968226853,13,834.0451703,1237.273314,0.828295395,127,0.452818586,0.386265801,20601.38706,16.70597315,-75.6849681,4,246.6979067,425.8715513,0,0,1,4,290.0930459,386.4147627,0.808168245,0.831535679,18,0.444850256,0.530314098,0.25,0.5,0.25,1772.444677,4620.742276,1131.740432,310.4989562,5.87965777,1.375185299,2.476724281,0.579277733,4.275538557,0.616463346
118,1037452707,112.3075294,-798.6494113,72.97847896,314.4620578,122.0459254,295.0681727,73.26867998,0,0.756339821,383.3512187,1379.455432,0,0.534149788,0.465850212,28,1098.877083,1370.273047,0.817765528,335,0.215209086,0.774375883,26403.05015,18.66577753,143.2676489,3,200.7750917,469.6526092,0.00630063,0,0.99369937,8,312.231517,349.4290425,0.766525013,0.805831301,45,0.364536454,0.276777678,0,1,0,3059.860704,7715.058083,1290.66481,496.5325335,1.909356462,2.937182515,0.277900402,0.427497022,0.650063948,1.268792803
119,1037461069,640.0991679,329.1610847,-75.05846607,312.509103,647.6902875,300.9486227,53.57906011,0,0.261769798,1270.814192,1506.008627,0.366125464,0.075253558,0.558620978,13,986.9315598,1446.544857,0.844366668,205,0.272340248,0.231228348,31558.28066,31.883504,125.9851171,4,325.0112066,524.6677337,0,0,1,5,341.6967582,444.7917543,0.836347787,0.833629174,40,0.495840868,0.467269439,0.25,0.5,0.25,3826.440104,9954.956836,2024.991459,1108.721055,3.910062688,2.870404506,0.843829291,0.619461015,1.362199188,0.649591789
120,1037468224,14.3943357,-809.7918458,1275.283299,-756.1147516,569.834028,-31.69311859,23.66682166,0,0.374421467,1761.489008,1469.907642,0.071341991,0.12017316,0.808484848,12,1153.389402,1471.829891,0.797772843,193,0.322655123,0.274227994,24476.84792,106.8035176,42.3835253,6,387.3482327,454.4039526,0,0,1,3,360.2350559,628.4352851,0.77321774,1.363400818,24,0.380926724,0.504849138,0.166666667,0.833333333,0,2582.04153,10966.47473,2163.81443,407.0576341,4.547559171,3.234803821,1.198367134,0.852431478,1.405822246,0.788500221
121,1037948195,78.74571768,365.2392911,-794.0748127,260.6442384,464.3040865,877.8267369,71.88197914,0,0.44410871,1659.476341,1467.447061,0.542571128,0.093607306,0.363821567,19,1090.25781,1645.872763,0.798729658,313,0.479522304,0.226554268,37505.71265,119.7422832,-5.492881433,6,396.6627851,356.5800881,0,0,1,5,310.0764332,352.579125,0.859291724,0.822199318,46,0.344016365,0.612001364,0,1,0,3744.600688,9766.485079,2043.060373,1457.737368,4.183594739,4.115336526,1.130859426,1.11240868,1.016586302,0.834539535
122,1040865856,309.4712059,-160.1670491,497.3834451,-40.78743233,-453.7726413,96.38342505,18.46081202,0,0.417628161,1168.168371,912.1560523,0.376198901,0.072259987,0.551541112,11,800.4162362,989.6411448,0.868280383,81,0.20894467,0.489216899,14127.68862,105.6726386,-63.35079341,6,490.9926117,297.8023965,0,0,1,3,330.3564068,484.7489635,0.769969964,1.008400477,24,0.359836438,0.612903226,0,1,0,2685.262942,8564.286276,1668.603179,501.5486992,2.379197453,3.062957394,1.280667237,1.648719478,0.776764789,0.573342195
123,1041074452,408.9922617,-169.4952685,-381.3022127,32.86996979,-18.8130315,-199.8126314,21.2432259,22.11259622,0.601722821,1265.473918,1083.742764,0.096985902,0.048736023,0.854278075,13,873.940582,1562.432597,0.816007488,77,0.482255712,0.456733106,11224.80031,9.061546576,-32.01610531,3,319.2273317,462.8476624,0,0,1,5,263.4082596,352.6752833,0.819081367,0.867332391,29,0.465680473,0.503550296,0.333333333,0.666666667,0,2193.528943,5976.954548,833.2969578,898.6459485,3.964177852,2.341467511,1.167688459,0.689702806,1.693031329,0.685981023
124,1041081551,109.5279269,-106.8062873,-328.3218191,-103.5719132,-288.5597378,-298.260759,5.305267713,21.38731199,0.668822745,554.931958,587.9741837,0.000507485,0.055823395,0.94366912,11,421.4608676,837.5505,0.783999882,39,0.223016264,0.426318383,5404.368143,64.9841885,88.61410733,3,258.892686,379.7329906,0,0,1,5,276.716879,369.5826333,0.712007906,0.958303315,23,0.286312849,0.512569832,0.333333333,0.333333333,0.333333333,1765.567704,5341.422162,1538.485,725.3737683,2.143482563,1.548388468,0.943803271,0.681775596,1.384331262,0.721638478
125,1049237275,364.522368,42.53449097,-897.0233076,-446.7939235,248.2756579,927.2709649,17.73533733,0,0.049633568,1558.031036,638.504324,0.121552975,0,0.878447025,18,981.5893726,1207.017835,0.895119334,235,0.345004838,0.54862119,22353.81191,55.67438468,-249.4865679,6,386.6729945,602.3368172,0,0.057272243,0.942727757,5,442.3795314,521.9962612,0.855989211,0.727386984,36,0.445924347,0.590037294,0.166666667,0.666666667,0.166666667,4527.715289,10386.61557,463.5319941,1288.005118,4.02932467,1.06004532,2.440126053,0.641954773,3.801087175,1.051274838
126,1058193059,284.5736393,151.1131987,-435.148574,713.0016637,393.040027,-377.915472,8.927010236,0,0.767138004,1482.162207,793.5112831,0.038259516,0.051812464,0.90992802,18,886.1123246,1109.413705,0.883088238,221,0.423578237,0.33499773,19619.68593,47.41912087,188.4987015,4,797.5719703,452.1870551,0,0,1,5,426.0789613,493.0484912,0.79781087,0.991738782,18,0.459655832,0.445124283,0.25,0.75,0,3344.38607,10294.18542,1197.634286,872.9438978,1.858342898,1.75482972,1.867852718,1.763809825,1.058987592,1.126419662
127,1060105621,156.7244558,216.8248077,321.9544709,-202.8004335,-308.833882,-90.42315518,25.5864942,17.37324291,0.209580973,471.9346125,934.5430858,0.334695864,0.092360097,0.572944039,22,598.327368,1304.83649,0.843797793,219,0.481557178,0.23377129,12155.9834,11.71159473,63.10477882,6,313.8231272,363.1828719,0,0,1,6,215.8952733,278.617044,0.786843253,0.501648101,52,0.451453104,0.315389696,0.5,0.333333333,0.166666667,3594.169017,5670.055641,635.8088712,502.35282,1.50382356,2.573202533,0.504989679,0.86409121,0.584417099,1.801581927
128,1060169142,52.11365759,-574.9983767,59.47522126,-397.4383105,-162.0001386,-198.2466506,33.11460521,11.21638458,0.843662163,247.0719613,884.6909005,0,0.546868687,0.453131313,15,733.395377,841.7505369,0.851190149,95,0.38040404,0.8,6339.94778,1.430559268,83.93889795,6,173.5192243,237.9052574,0.000782473,0,0.999217527,5,187.3036888,219.1917666,0.810286673,0.901994822,26,0.453834116,0.125978091,0.166666667,0.5,0.333333333,1589.68,4525.221524,582.854124,322.7888179,1.423888116,3.718668978,0.279274898,0.729362714,0.382902626,1.498435055
129,1061696800,303.7811284,-522.8784347,329.1485272,-402.3282446,-14.27315168,-354.9934233,24.22988069,0,0.558530539,2154.174925,1254.400709,0.062146534,0.275211286,0.662642181,11,1242.526469,1713.470231,0.799416134,115,0.381775434,0.391751922,19996.23273,133.2115911,150.82664,3,253.305562,403.2680366,0,0,1,5,287.3077294,388.6091353,0.723522405,0.909738101,25,0.239304184,0.253408557,0,0.666666667,0.333333333,2649.366097,7644.443719,1152.493225,342.6766382,8.50425434,3.110587984,1.717294091,0.628132009,2.733970035,0.575108329
130,1061720975,273.9098659,-242.804559,-206.9359394,-209.0554717,-240.6497448,-221.6473351,32.97237031,17.86397358,0.385555452,717.1827207,1093.699187,0.36451049,0.31993007,0.315559441,12,724.3470651,1954.984381,0.81698609,39,0.242351399,0.505026224,5815.64933,83.10600417,-6.146415549,5,172.3102686,194.4343485,0,0,1,5,137.8579352,178.6429859,0.794456274,0.759098511,17,0.19112628,0.419795222,0,0.8,0.2,708.3731314,1705.144897,900.4186946,619.6865081,4.162158916,5.625030739,0.65574038,0.88621311,0.739935319,0.670604395
131,1065913190,116.6043578,-62.6081792,-1011.985872,-217.3266748,813.1450808,763.5033931,15.82164416,0,0.383216912,874.8189006,1044.25263,0.02138508,0.01544478,0.96317014,16,570.2920742,940.4901437,0.869630646,357,0.454680461,0.353942874,27834.07954,111.4456804,-41.18603823,4,335.4845919,623.5366467,0,0,1,5,354.7061432,487.3377006,0.761928812,0.861990532,28,0.477708978,0.602167183,0.25,0.5,0.25,3948.256951,10733.49386,1626.849168,1160.100748,2.607627658,1.674725352,0.837746418,0.538035084,1.557047939,1.282600344
132,1067599469,23.01626839,-247.186421,902.5461904,2492.449812,-768.9890542,358.465653,17.88272567,20.58489591,0.229408241,1635.942139,1223.634213,0.023597984,0.259388784,0.717013233,15,838.4173188,1303.169319,0.844076023,336,0.483900441,0.695715186,40213.23388,74.91294297,52.07533207,7,371.4545451,503.0301788,0,0,1,5,311.2500141,393.3061995,0.758583068,0.818285731,31,0.396230916,0.353530534,0.285714286,0.428571429,0.285714286,5170.834533,13295.6161,2039.937548,550.8727967,4.404151627,2.432526446,1.336953578,0.738433917,1.810525692,0.835545833
133,1067605482,194.8255366,-61.2439192,-442.5477948,-497.3916655,-453.8907581,-416.9123247,14.03188038,0,0.375637458,980.7645772,1273.202978,0.214537512,0.09832171,0.687140777,17,692.5695828,1264.709372,0.796995316,397,0.45406171,0.592910191,34278.59617,6.661235887,-217.1406983,2,348.7806372,415.9751459,0,0,1,6,363.6603149,469.1228735,0.798372915,1.384368609,14,0.33910387,0.675152749,0,0.5,0.5,1263.803438,5463.419162,1014.130224,2609.528044,2.81198115,3.060766949,0.770312821,0.838465088,0.918717824,1.158157114
134,1069242387,29.66852552,453.0418268,324.7399772,-402.577786,107.3418154,-281.3995043,82.67675091,10.0769675,0.112807865,466.4604375,839.2853072,0.672945444,0.028324264,0.298730292,18,675.3715096,1114.560364,0.803041756,255,0.386716844,0.115687504,20080.41371,26.3103028,35.43566189,2,180.591312,286.524522,0,0,1,5,176.0703607,212.8215501,0.810364549,0.800707684,22,0.470127326,0.544564153,0.5,0.5,0,1288.370823,3261.01313,1333.564602,804.3754052,2.582961674,2.929191894,0.555782919,0.630282221,0.881800089,1.269894155
135,1069256863,102.8981784,-241.8513833,61.83609287,331.6003298,-201.9639999,16.68602297,29.68324858,0,0.33162437,420.3805925,1374.0491,0.195248816,0.311078332,0.493672851,14,861.2720322,1138.072553,0.825153575,196,0.432575111,0.515643195,17221.14622,10.87296175,31.6219653,5,255.4223763,282.6829069,0,0,1,5,255.3122296,333.2239433,0.762299784,0.7571316,31,0.419417476,0.460841424,0,1,0,2109.651394,4995.482216,760.5795088,618.6718985,1.645825235,4.860743492,0.305942919,0.903564984,0.338595369,1.138135624
136,1072170652,100.7742528,-895.747359,-503.6947425,-243.1811135,-111.1927565,-147.9438667,46.86650243,46.2813184,0.760959955,726.8939704,1581.021157,0.066451439,0.251681464,0.681867097,13,1244.935879,1409.467711,0.866576367,77,0.396152811,0.750739844,9000.439855,59.31745924,-258.185689,4,268.0135002,586.3133573,0,0,1,5,453.4673497,559.2623289,0.848678051,0.880188583,16,0.456365503,0.789527721,0.25,0.5,0.25,2322.75105,6476.096855,1292.229062,876.6222034,2.712154313,2.696546373,0.45976233,0.457116484,1.005788122,0.855513744
137,1077530486,320.6621569,-586.8794975,-486.0721205,-520.2639381,-452.9602537,-227.1341311,43.43578771,0,0.485332345,952.6554241,1175.557535,0.025264539,0.477237306,0.497498154,22,915.9805169,1158.248449,0.85065797,179,0.481092609,0.827495694,15904.45266,34.05320039,-122.8493543,5,195.2386273,441.6899256,0,0,1,4,287.0379731,352.039103,0.804015753,0.866700013,25,0.489661654,0.622650376,0.4,0,0.6,2700.257628,7452.037895,1147.293266,1685.460248,4.879441314,2.661499543,0.810386047,0.442026444,1.833342909,1.125470985
138,1079568285,8.592960257,-1005.117235,-170.5887662,-271.8561356,92.16479839,30.9982602,78.67238492,17.31528843,0.781848922,1110.521687,1684.073651,0.129505482,0.484817415,0.385677104,14,1371.238173,1977.212243,0.887542317,119,0.37805357,0.80598539,15711.27195,24.19668718,-297.9548665,4,464.4286042,684.6046335,0,0,1,7,544.9212228,1039.274193,0.687881587,0.924072612,36,0.263292434,0.529396728,0.5,0.25,0.25,4803.549836,14057.41979,1697.714764,304.031759,2.391156955,2.459921491,0.659425843,0.678389513,0.972046044,0.757417989
139,1079573757,107.9896584,-347.1105468,130.4578092,548.6145227,371.6240271,141.2347904,29.01852275,18.5500131,0.787633659,848.9293949,1488.970402,0.204707325,0.166124239,0.629168435,26,920.4040239,2254.77789,0.847606613,271,0.315112089,0.492020405,27422.77558,3.114641081,-16.92531265,3,546.4077346,503.0728354,0,0,1,6,366.5074336,420.4897996,0.834823536,0.925488541,43,0.451318458,0.531440162,0.333333333,0.333333333,0.333333333,3603.235643,10519.79981,1398.27553,751.9286528,1.553655523,2.959751148,0.570145245,1.086140408,0.524927754,0.988229653
